/Users/craigmccosker/Library/Python/3.9/lib/python/site-packages/urllib3/__init__.py:35: NotOpenSSLWarning: urllib3 v2 only supports OpenSSL 1.1.1+, currently the 'ssl' module is compiled with 'LibreSSL 2.8.3'. See: https://github.com/urllib3/urllib3/issues/3020
  warnings.warn(
Running single stage: ai-enrich
Loading existing data from data/podcasts_450_metadata.jsonl...
Loaded 439 existing podcasts.

▶ Stage: ai-enrich
  🤖 Analyzing: All In the Mind with Sana Qadar - ABC li...
    ✨ Vibe detected: ['Curious', 'Deep']
    🪝 Hook: Exploring the limitlessness of the human mind and the mechanics of human behavior.
    Analyzing episode: Staying sane in space...
      🔹 Episode Vibe: Standard
    Analyzing episode: Mind Hacks with Dr Billy Garve...
      🔹 Episode Vibe: Standard
  🤖 Analyzing: Background Briefing - ABC listen...
    ✨ Vibe detected: Standard
    🪝 Hook: None
    Analyzing episode: 01 In Search of the Missing Ar...
      🔹 Episode Vibe: Standard
    Analyzing episode: Introducing | In Search of the...
      🔹 Episode Vibe: Standard
  🤖 Analyzing: Bludging on the Blindside with Rampaging...
    ✨ Vibe detected: Standard
    🪝 Hook: None
    Analyzing episode: Shark Meltdown - 30 year celeb...
      🔹 Episode Vibe: Standard
    Analyzing episode: Happy Easter, happy Rugby Leag...
      🔹 Episode Vibe: Standard
  🤖 Analyzing: Conversations with Richard Fidler and Sa...
    ✨ Vibe detected: Standard
    🪝 Hook: None
    Analyzing episode: The story behind Sydney’s Luna...
      🔹 Episode Vibe: Standard
    Analyzing episode: Encore: What I learnt about Au...
      🔹 Episode Vibe: Standard
  🤖 Analyzing: Expanse with Dominique Bayens - ABC list...
    ❌ Critical failure while processing Expanse with Dominique Bayens - ABC list: name 'Location' is not defined
  🤖 Analyzing: Global Roaming with Geraldine Doogue and...
    ❌ Critical failure while processing Global Roaming with Geraldine Doogue and: name 'Location' is not defined
  🤖 Analyzing: Health Report with Norman Swan and Dr Pr...
    ✨ Vibe detected: Standard
    🪝 Hook: None
    Analyzing episode: Treating a medical emergency ....
      🔹 Episode Vibe: Standard
    Analyzing episode: What to expect this flu season...
      🔹 Episode Vibe: Standard
  🤖 Analyzing: If You're Listening with Matt Bevan - AB...
    ❌ Critical failure while processing If You're Listening with Matt Bevan - AB: name 'Location' is not defined
  🤖 Analyzing: Late Night Live with David Marr - ABC li...
    ✨ Vibe detected: Standard
    🪝 Hook: None
    Analyzing episode: A Jewish Australian lawyer rec...
    ❌ Critical failure while processing Late Night Live with David Marr - ABC li: name 'Location' is not defined
  🤖 Analyzing: No One Saw It Coming with Marc Fennell -...
    ❌ Critical failure while processing No One Saw It Coming with Marc Fennell -: name 'Location' is not defined
  🤖 Analyzing: Not Stupid with Julia Baird and Jeremy F...
    ✨ Vibe detected: Standard
    🪝 Hook: None
    Analyzing episode: Trump's oil advice and a legal...
    ❌ Critical failure while processing Not Stupid with Julia Baird and Jeremy F: name 'Location' is not defined
  🤖 Analyzing: Politics Now with Patricia Karvelas - AB...
    ❌ Critical failure while processing Politics Now with Patricia Karvelas - AB: name 'Location' is not defined
  🤖 Analyzing: Science Friction - ABC listen...
    ❌ Critical failure while processing Science Friction - ABC listen: name 'Location' is not defined
  🤖 Analyzing: The Case Of with Stephen Stockwell and R...
    ✨ Vibe detected: Standard
    🪝 Hook: None
    Analyzing episode: 11 The Two Intruders | Verdict...
      🔹 Episode Vibe: Standard
    Analyzing episode: 08 Wheelie Bin Murder | The qu...
      🔹 Episode Vibe: Standard
  🤖 Analyzing: 00s Night - ABC listen...
    ✨ Vibe detected: Standard
    🪝 Hook: None
    Analyzing episode: More musical memories from the...
      🔹 Episode Vibe: Standard
    Analyzing episode: Dappled Cities takeover 00s Ni...
      🔹 Episode Vibe: Standard
  🤖 Analyzing: 50 Classical Icons with Mairi Nicolson -...
    ✨ Vibe detected: ['Sophisticated']
    🪝 Hook: Live performances and classical masterpieces from 50 Classical Icons with Mairi Nicolson - ABC listen.
    Analyzing episode: Trumpeter Sergei Nakariakov...
      🔹 Episode Vibe: Standard
    Analyzing episode: Soprano Leontyne Price...
      🔹 Episode Vibe: Standard
  🤖 Analyzing: A Death In Cryptoland - ABC listen...
    ❌ Critical failure while processing A Death In Cryptoland - ABC listen: name 'Location' is not defined
  🤖 Analyzing: A Word in Your Ear with Roly Sussex - AB...
    ✨ Vibe detected: Standard
    🪝 Hook: None
    Analyzing episode: A Word in Your Ear: Christmas ...
      🔹 Episode Vibe: Standard
    Analyzing episode: A Word in Your Ear: Politeness...
       [ERR OLLAMA] 
  🤖 Analyzing: ABC AFL DAILY with Corbin Middlemas and ...
    ✨ Vibe detected: ['Energetic']
    🪝 Hook: Deep-dive sports analysis and results with ABC AFL DAILY with Corbin Middlemas and Ben Cameron - ABC listen.
    Analyzing episode: Blues’ recurring nightmare as ...
    ❌ Critical failure while processing ABC AFL DAILY with Corbin Middlemas and : name 'Location' is not defined
  🤖 Analyzing: ABC Alice Springs Local News with News T...
    ✨ Vibe detected: ['Informational']
    🪝 Hook: Local news, updated weekdays at 6:35am.
    Analyzing episode: ABC Alice Springs Local News...
      🔹 Episode Vibe: ['Informational']
  🤖 Analyzing: ABC Ballarat Local News with News Team -...
    ✨ Vibe detected: ['Informational']
    🪝 Hook: Local news, updated weekdays at 7:35am.
    Analyzing episode: ABC Ballarat Local News...
      🔹 Episode Vibe: ['Informational']
  🤖 Analyzing: ABC Broken Hill Local News with News Tea...
    ✨ Vibe detected: ['Informational']
    🪝 Hook: Local news, updated weekdays at 6:35am.
    Analyzing episode: ABC Broken Hill Local News...
      🔹 Episode Vibe: ['Informational']
  🤖 Analyzing: ABC Business Daily with Carrington Clark...
    ❌ Critical failure while processing ABC Business Daily with Carrington Clark: name 'Location' is not defined
  🤖 Analyzing: ABC Capricornia Local News with News Tea...
    ✨ Vibe detected: ['Informational']
    🪝 Hook: Local news, updated weekdays at 6:35am.
    Analyzing episode: ABC Capricornia Local News...
      🔹 Episode Vibe: ['Informational']
  🤖 Analyzing: ABC Central Coast Local News with News T...
    ⚠️ Local Qwen failed/timed out. Falling back to Gemini for: ABC Central Coast Local News w
/Users/craigmccosker/Library/Python/3.9/lib/python/site-packages/google/auth/__init__.py:54: FutureWarning: You are using a Python version 3.9 past its end of life. Google will update google-auth with critical bug fixes on a best-effort basis, but not with any other fixes or features. Please upgrade your Python version, and then update google-auth.
  warnings.warn(eol_message.format("3.9"), FutureWarning)
/Users/craigmccosker/Library/Python/3.9/lib/python/site-packages/google/oauth2/__init__.py:40: FutureWarning: You are using a Python version 3.9 past its end of life. Google will update google-auth with critical bug fixes on a best-effort basis, but not with any other fixes or features. Please upgrade your Python version, and then update google-auth.
  warnings.warn(eol_message.format("3.9"), FutureWarning)
       [ERR GEMINI] 'NoneType' object has no attribute 'aio'
    🔴 Major Signal Dropout: Could not analyze ABC Central Coast Local News w
    Analyzing episode: ABC Central Coast Local News...
      🔹 Episode Vibe: ['Informational']
  🤖 Analyzing: ABC Central Victoria Local News with New...
    ✨ Vibe detected: ['Informational']
    🪝 Hook: Local news, updated weekdays at 6:35am.
    Analyzing episode: ABC Central Victoria Local New...
      🔹 Episode Vibe: ['Informational']
  🤖 Analyzing: ABC Central West Local News with News Te...
    ✨ Vibe detected: ['Informational']
    🪝 Hook: Local news, updated weekdays at 6:35am.
    Analyzing episode: ABC Central West Local News...
      🔹 Episode Vibe: ['Informational']
  🤖 Analyzing: ABC Coffs Coast Local News with News Tea...
    ✨ Vibe detected: ['Informational']
    🪝 Hook: Local news, updated weekdays at 6:35am.
    Analyzing episode: ABC Coffs Coast Local News...
      🔹 Episode Vibe: ['Informational']
  🤖 Analyzing: ABC COMEDY Presents - ABC listen...
    ❌ Critical failure while processing ABC COMEDY Presents - ABC listen: name 'Location' is not defined
  🤖 Analyzing: ABC Country Curates - ABC listen...
    ❌ Critical failure while processing ABC Country Curates - ABC listen: name 'Location' is not defined
  🤖 Analyzing: ABC Cricket Podcast with Corbin Middlema...
    ✨ Vibe detected: ['Energetic']
    🪝 Hook: Deep-dive sports analysis and results with ABC Cricket Podcast with Corbin Middlemas and Ed Cowan - ABC listen.
    Analyzing episode: Ryan Harris talks 'rhino rev u...
      🔹 Episode Vibe: Standard
    Analyzing episode: George Bailey chats relationsh...
      🔹 Episode Vibe: Standard
  🤖 Analyzing: ABC Esperance Local News with News Team ...
    ✨ Vibe detected: ['Informational']
    🪝 Hook: Local news, updated weekdays at 6:35am.
    Analyzing episode: Esperance Local News...
      🔹 Episode Vibe: ['Informational']
  🤖 Analyzing: ABC Eyre Peninsula Local News with News ...
    ✨ Vibe detected: ['Informational']
    🪝 Hook: Local news, updated weekdays at 6:35am.
    Analyzing episode: ABC Eyre Peninsula Local News...
      🔹 Episode Vibe: ['Informational']
  🤖 Analyzing: ABC Far North Local News with News Team ...
    ✨ Vibe detected: ['Informational']
    🪝 Hook: Local news, updated weekdays at 6:30am.
    Analyzing episode: ABC Far North Local News...
      🔹 Episode Vibe: ['Informational']
  🤖 Analyzing: ABC Gippsland Local News with News Team ...
    ✨ Vibe detected: ['Informational']
    🪝 Hook: Local news, updated weekdays at 6:35am.
    Analyzing episode: ABC Gippsland Local News...
      🔹 Episode Vibe: ['Informational']
  🤖 Analyzing: ABC Gold Coast Local News with News Team...
    ✨ Vibe detected: ['Informational']
    🪝 Hook: Local news, updated weekdays at 6:35am.
    Analyzing episode: ABC Gold Coast Local News...
      🔹 Episode Vibe: ['Informational']
  🤖 Analyzing: ABC Goldfields Local News with News Team...
    ✨ Vibe detected: ['Informational']
    🪝 Hook: Local news, updated weekdays at 6:35am
    Analyzing episode: ABC Goldfields Local News...
      🔹 Episode Vibe: ['Informational']
  🤖 Analyzing: ABC Goulburn Murray Local News with News...
    ✨ Vibe detected: ['Informational']
    🪝 Hook: Local news, updated weekdays at 6:35am.
    Analyzing episode: ABC Goulburn Murray Local News...
      🔹 Episode Vibe: ['Informational']
  🤖 Analyzing: ABC Great Southern Local News with News ...
    ✨ Vibe detected: ['Informational']
    🪝 Hook: Local news, updated weekdays at 6:35am.
    Analyzing episode: ABC Great Southern Local News...
      🔹 Episode Vibe: ['Informational']
  🤖 Analyzing: ABC Illawarra Local News with News Team ...
    ✨ Vibe detected: ['Informational']
    🪝 Hook: Local news, updated weekdays at 7:35am.
    Analyzing episode: ABC Illawarra Local News...
      🔹 Episode Vibe: ['Informational']
  🤖 Analyzing: ABC Jazz Favourites - ABC listen...
    ✨ Vibe detected: ['Smooth']
    🪝 Hook: Soulful jazz and rhythmic exploration with ABC Jazz Favourites - ABC listen.
    Analyzing episode: Blues For Dreaming...
      🔹 Episode Vibe: Standard
    Analyzing episode: Too Darn Hot...
      🔹 Episode Vibe: Standard
  🤖 Analyzing: ABC Kimberley Local News with News Team ...
    ✨ Vibe detected: ['Informational']
    🪝 Hook: Local news, updated weekdays at 6:35am.
    Analyzing episode: ABC Kimberley Local News...
      🔹 Episode Vibe: ['Informational']
  🤖 Analyzing: ABC Mid North Coast Local News with News...
    ✨ Vibe detected: ['Informational']
    🪝 Hook: Local news, updated weekdays at 6:35am.
    Analyzing episode: ABC Mid North Coast Local News...
      🔹 Episode Vibe: ['Informational']
  🤖 Analyzing: ABC Midwest & Wheatbelt Local News with ...
    ✨ Vibe detected: ['Informational']
    🪝 Hook: Local news, updated weekdays at 6:35am.
    Analyzing episode: ABC Midwest & Wheatbelt Local ...
      🔹 Episode Vibe: ['Informational']
  🤖 Analyzing: ABC Mildura-Swan Hill Local News with Ne...
    ✨ Vibe detected: ['Informational']
    🪝 Hook: Local news, updated weekdays at 6:35am.
    Analyzing episode: ABC Mildura-Swan Hill Local Ne...
      🔹 Episode Vibe: ['Informational']
  🤖 Analyzing: ABC New England North West Local News wi...
    ✨ Vibe detected: ['Informational']
    🪝 Hook: Local news, updated weekdays at 6:35am.
    Analyzing episode: ABC New England North West Loc...
      🔹 Episode Vibe: ['Informational']
  🤖 Analyzing: ABC Newcastle Local News with News Team ...
    ✨ Vibe detected: ['Informational']
    🪝 Hook: Local news, updated weekdays at 7:35am.
    Analyzing episode: ABC Newcastle Local News...
      🔹 Episode Vibe: ['Informational']
  🤖 Analyzing: ABC News Daily with Samantha Hawley - AB...
    ❌ Critical failure while processing ABC News Daily with Samantha Hawley - AB: name 'Location' is not defined
  🤖 Analyzing: ABC NewsRadio - ABC listen...
    ❌ Critical failure while processing ABC NewsRadio - ABC listen: name 'Location' is not defined
  🤖 Analyzing: ABC North and West SA Local News with Ne...
    ✨ Vibe detected: ['Informational']
    🪝 Hook: Local news, updated weekdays at 6:35am
    Analyzing episode: ABC North and West SA Local Ne...
      🔹 Episode Vibe: ['Informational']
  🤖 Analyzing: ABC North Coast Local News with News Tea...
    ✨ Vibe detected: ['Informational']
    🪝 Hook: Local news, updated weekdays at 6:35am.
    Analyzing episode: ABC North Coast Local News...
      🔹 Episode Vibe: ['Informational']
  🤖 Analyzing: ABC North Qld Local News with News Team ...
    ✨ Vibe detected: ['Informational']
    🪝 Hook: Local news, updated weekdays at 6:35am
    Analyzing episode: ABC North Qld Local News...
      🔹 Episode Vibe: ['Informational']
  🤖 Analyzing: ABC Northern Tasmania Local News with Ne...
    ✨ Vibe detected: ['Informational']
    🪝 Hook: Local news, updated weekdays at 6:35am.
    Analyzing episode: ABC Northern Tasmania Local Ne...
      🔹 Episode Vibe: ['Informational']
  🤖 Analyzing: ABC North West Local News with News Team...
    ✨ Vibe detected: ['Informational']
    🪝 Hook: Local news, updated weekdays at 6:35am.
    Analyzing episode: ABC North West Local News...
      🔹 Episode Vibe: ['Informational']
  🤖 Analyzing: ABC NRL Daily with Andrew Moore - ABC li...
    ✨ Vibe detected: ['Energetic']
    🪝 Hook: Deep-dive sports analysis and results with ABC NRL Daily with Andrew Moore - ABC listen.
    Analyzing episode: NRL Monday: The death of the d...
    ❌ Critical failure while processing ABC NRL Daily with Andrew Moore - ABC li: name 'GuestProfile' is not defined
  🤖 Analyzing: ABC Pilbara Local News with News Team - ...
    ✨ Vibe detected: ['Informational']
    🪝 Hook: Local news, updated weekdays at 6:35am.
    Analyzing episode: ABC Pilbara Local News...
      🔹 Episode Vibe: ['Informational']
  🤖 Analyzing: ABC Rewind - ABC listen...
    ✨ Vibe detected: Standard
    🪝 Hook: None
    Analyzing episode: 05 | Boycott! | The streets ar...
      🔹 Episode Vibe: Standard
    Analyzing episode: 04 | Boycott! | The Grapefruit...
      🔹 Episode Vibe: Standard
  🤖 Analyzing: ABC Riverina Local News with News Team -...
    ✨ Vibe detected: ['Informational']
    🪝 Hook: Local news, updated weekdays at 6:35am
    Analyzing episode: ABC Riverina Local News...
      🔹 Episode Vibe: ['Informational']
  🤖 Analyzing: ABC Riverland Local News with News Team ...
    ✨ Vibe detected: ['Informational']
    🪝 Hook: Local news, update weekdays at 6:35am.
    Analyzing episode: ABC Riverland Local News...
      🔹 Episode Vibe: ['Informational']
  🤖 Analyzing: ABC Shepparton Local News with News Team...
    ✨ Vibe detected: ['Informational']
    🪝 Hook: Local news, updated weekday at 6:35am.
    Analyzing episode: ABC Shepparton Local News...
      🔹 Episode Vibe: ['Informational']
  🤖 Analyzing: ABC South East NSW Local News with News ...
    ✨ Vibe detected: ['Informational']
    🪝 Hook: Local news, updated weekdays at 6:35am.
    Analyzing episode: ABC South East NSW Local News...
      🔹 Episode Vibe: ['Informational']
  🤖 Analyzing: ABC South East SA Local News with News T...
    ✨ Vibe detected: ['Informational']
    🪝 Hook: Local news, updated weekdays at 6:35am
    Analyzing episode: ABC South East SA Local News...
      🔹 Episode Vibe: ['Informational']
  🤖 Analyzing: ABC South West WA Local News with News T...
    ✨ Vibe detected: ['Informational']
    🪝 Hook: Local news, updated weekdays at 6:35am.
    Analyzing episode: ABC South West WA Local News...
      🔹 Episode Vibe: ['Informational']
  🤖 Analyzing: ABC South West Victoria Local News with ...
    ✨ Vibe detected: ['Informational']
    🪝 Hook: Local news, updated weekdays at 6:35am.
    Analyzing episode: ABC South West Vic Local News...
      🔹 Episode Vibe: ['Informational']
  🤖 Analyzing: ABC Southern Queensland Local News with ...
    ✨ Vibe detected: ['Informational']
    🪝 Hook: Local news, updated weekdays at 6:35am.
    Analyzing episode: ABC Southern Queensland Local ...
      🔹 Episode Vibe: ['Informational']
  🤖 Analyzing: ABC SPORT DAILY with Patrick Stack - ABC...
    ✨ Vibe detected: ['Energetic']
    🪝 Hook: Deep-dive sports analysis and results with ABC SPORT DAILY with Patrick Stack - ABC listen.
    Analyzing episode: The emotional toll of Alexa Le...
      🔹 Episode Vibe: Standard
    Analyzing episode: Does the Lance Collard hearing...
      🔹 Episode Vibe: Standard
  🤖 Analyzing: ABC Sunshine Coast Local News with News ...
    ✨ Vibe detected: ['Informational']
    🪝 Hook: Local news, updated weekdays at 7:35am.
    Analyzing episode: ABC Sunshine Coast Local News...
      🔹 Episode Vibe: ['Informational']
  🤖 Analyzing: ABC TassieCast with Airlie Ward - ABC li...
    ❌ Critical failure while processing ABC TassieCast with Airlie Ward - ABC li: name 'Location' is not defined
  🤖 Analyzing: ABC Tropical North Local News with News ...
    ✨ Vibe detected: ['Informational']
    🪝 Hook: Local news, updated weekdays at 6:35am.
    Analyzing episode: ABC Tropical North Local News...
      🔹 Episode Vibe: ['Informational']
  🤖 Analyzing: ABC Upper Hunter Local News with News Te...
    ✨ Vibe detected: ['Informational']
    🪝 Hook: Local news, updated weekdays at 7:35am.
    Analyzing episode: ABC Upper Hunter Local News...
      🔹 Episode Vibe: ['Informational']
  🤖 Analyzing: ABC Western Plains Local News with News ...
    ✨ Vibe detected: ['Informational']
    🪝 Hook: Local news, updated weekdays at 6:35am.
    Analyzing episode: ABC Western Plains Local News...
      🔹 Episode Vibe: ['Informational']
  🤖 Analyzing: ABC Western Queensland Local News with N...
    ✨ Vibe detected: ['Informational']
    🪝 Hook: Local news, updated weekdays at 6:35am.
    Analyzing episode: ABC Western Queensland Local N...
      🔹 Episode Vibe: ['Informational']
  🤖 Analyzing: ABC Wide Bay Local News with News Team -...
    ✨ Vibe detected: ['Informational']
    🪝 Hook: Local news, updated weekdays at 6:35am.
    Analyzing episode: ABC Wide Bay Local News...
      🔹 Episode Vibe: ['Informational']
  🤖 Analyzing: ABC Wimmera Local News with News Team - ...
    ✨ Vibe detected: ['Informational']
    🪝 Hook: Local news, updated weekdays at 6:35am.
    Analyzing episode: ABC Wimmera Local News...
      🔹 Episode Vibe: ['Informational']
  🤖 Analyzing: A Big Country with David Claughton - ABC...
    ✨ Vibe detected: Standard
    🪝 Hook: None
    Analyzing episode: A Big Country...
      🔹 Episode Vibe: Standard
    Analyzing episode: Career change to pub owner and...
      🔹 Episode Vibe: Standard
  🤖 Analyzing: SA Afternoons with Jo Laverty - ABC list...
    ✨ Vibe detected: ['Informational']
    🪝 Hook: With an intriguing blend of local news, entertainment and fun, Afternoons delights.
    Analyzing episode: Afternoons...
      🔹 Episode Vibe: ['Informational']
    Analyzing episode: Afternoons...
      🔹 Episode Vibe: ['Informational']
  🤖 Analyzing: Adelaide Breakfast with Sonya Feldhoff a...
    ✨ Vibe detected: Standard
    🪝 Hook: None
    Analyzing episode: Breakfast...
      🔹 Episode Vibe: Standard
    Analyzing episode: Breakfast...
      🔹 Episode Vibe: Standard
  🤖 Analyzing: Adelaide Drive with Nikolai Beilharz - A...
    ✨ Vibe detected: Standard
    🪝 Hook: None
    Analyzing episode: Drive...
      🔹 Episode Vibe: Standard
    Analyzing episode: Drive...
      🔹 Episode Vibe: Standard
  🤖 Analyzing: SA & NT Evenings with Spence Denny - ABC...
    ✨ Vibe detected: Standard
    🪝 Hook: None
    Analyzing episode: Evenings...
      🔹 Episode Vibe: Standard
    Analyzing episode: Evenings...
      🔹 Episode Vibe: Standard
  🤖 Analyzing: Adelaide Mornings with Rory McClaren - A...
    ✨ Vibe detected: Standard
    🪝 Hook: None
    Analyzing episode: Mornings...
      🔹 Episode Vibe: Standard
    Analyzing episode: Mornings...
      🔹 Episode Vibe: Standard
  🤖 Analyzing: SA Sunday Morning with Jason Chong - ABC...
    ✨ Vibe detected: Standard
    🪝 Hook: None
    Analyzing episode: Sunday Morning...
      🔹 Episode Vibe: Standard
    Analyzing episode: Gather Round banner ban leads ...
    ❌ Critical failure while processing SA Sunday Morning with Jason Chong - ABC: name 'Location' is not defined
  🤖 Analyzing: AFL Monday with Corbin and Ben with Corb...
    ✨ Vibe detected: ['Energetic']
    🪝 Hook: Deep-dive sports analysis and results with AFL Monday with Corbin and Ben with Corbin Middlemas and Ben Cameron - ABC listen.
    Analyzing episode: AFL Monday with Corbin and Ben...
      🔹 Episode Vibe: Standard
    Analyzing episode: AFL Monday with Corbin and Ben...
      🔹 Episode Vibe: Standard
  🤖 Analyzing: Alice Springs Breakfast with Stewart Bra...
    ✨ Vibe detected: Standard
    🪝 Hook: None
    Analyzing episode: Breakfast...
      🔹 Episode Vibe: ['Informative, community-focused, upbeat, and engaging.']
    Analyzing episode: Breakfast...
      🔹 Episode Vibe: ['Informative, community-focused, upbeat, and practical.']
  🤖 Analyzing: Alice Springs Drive with Nat Tencic - AB...
    ✨ Vibe detected: ['Informational']
    🪝 Hook: Tune in to 783 Drive for the news of the day.
    Analyzing episode: Drive...
      🔹 Episode Vibe: ['Upbeat, informative, and casual; designed for a commute.']
    Analyzing episode: Drive...
      🔹 Episode Vibe: Standard
  🤖 Analyzing: Alice Springs Mornings with Meredith Lak...
    ✨ Vibe detected: ['Informational']
    🪝 Hook: Mornings sets you up with the perfect mix of news, politics, music and personalities.
    Analyzing episode: Mornings...
      🔹 Episode Vibe: Standard
    Analyzing episode: Mornings...
      🔹 Episode Vibe: Standard
  🤖 Analyzing: Outback NT Rural Report with Charles Gea...
    ✨ Vibe detected: ['Informational']
    🪝 Hook: Catch up with the latest rural news from central Australia and the Top End.
    Analyzing episode: Outback NT Rural Report...
      🔹 Episode Vibe: Standard
    Analyzing episode: Outback NT Rural Report...
      🔹 Episode Vibe: Standard
  🤖 Analyzing: Alice Springs Saturday Mornings with Ste...
    ✨ Vibe detected: ['Informational']
    🪝 Hook: Start your weekend off with a relaxing mix of music, news and local events.
    Analyzing episode: Saturday Mornings...
      🔹 Episode Vibe: ['Relaxing, informative, upbeat, local, conversational']
    Analyzing episode: Saturday Mornings...
      🔹 Episode Vibe: ['Relaxing, informative, upbeat, community-focused.']
  🤖 Analyzing: AM with Melissa Clarke - ABC listen...
    ✨ Vibe detected: Standard
    🪝 Hook: None
    Analyzing episode: Israel and Lebanon agree to te...
    ❌ Critical failure while processing AM with Melissa Clarke - ABC listen: name 'Location' is not defined
  🤖 Analyzing: Anthony Burke's By Design with Anthony B...
    ✨ Vibe detected: Standard
    🪝 Hook: None
    Analyzing episode: Extraordinary Everyday : Grave...
      🔹 Episode Vibe: Standard
    Analyzing episode: Is adaptive reuse worth the in...
      🔹 Episode Vibe: ['Inquisitive, analytical, and persuasive; questioning the economic viability of preserving historical structures while advocating for their potential.']
  🤖 Analyzing: Arts In 30 with Sky Kirkham - ABC listen...
    ✨ Vibe detected: Standard
    🪝 Hook: None
    Analyzing episode: Weekender: Best of the year - ...
      🔹 Episode Vibe: Standard
    Analyzing episode: Weekender: Best TV shows of th...
    ❌ Critical failure while processing Arts In 30 with Sky Kirkham - ABC listen: name 'Location' is not defined
  🤖 Analyzing: ASSASSINS with Aslan Pahari with Aslan P...
    ✨ Vibe detected: Standard
    🪝 Hook: None
    Analyzing episode: The plot to kill Iran's loudes...
      🔹 Episode Vibe: Standard
    Analyzing episode: PRESENTS... If You're Listenin...
      🔹 Episode Vibe: Standard
  🤖 Analyzing: Australia Plays with Mairi Nicolson - AB...
    ✨ Vibe detected: Standard
    🪝 Hook: None
    Analyzing episode: Australia Plays...
      🔹 Episode Vibe: Standard
    Analyzing episode: Australia Plays...
      🔹 Episode Vibe: Standard
  🤖 Analyzing: Australia Wide with Sinéad Mangan and Al...
    ✨ Vibe detected: Standard
    🪝 Hook: None
    Analyzing episode: Unopened remote votes discover...
      🔹 Episode Vibe: ['Investigative, politically charged, focused on electoral integrity and regional representation.']
    Analyzing episode: Rinehart ordered to pay royalt...
      🔹 Episode Vibe: Standard
  🤖 Analyzing: Australia All Over with Ian McNamara - A...
    ✨ Vibe detected: Standard
    🪝 Hook: None
    Analyzing episode: Australia All Over...
      🔹 Episode Vibe: Standard
    Analyzing episode: Australia All Over...
      🔹 Episode Vibe: Standard
  🤖 Analyzing: Awaye! with Rudi Bremer - ABC listen...
    ✨ Vibe detected: Standard
    🪝 Hook: None
    Analyzing episode: How artists 'yield strength' a...
      🔹 Episode Vibe: Standard
    Analyzing episode: Striking out on the journey to...
      🔹 Episode Vibe: Standard
  🤖 Analyzing: Ballarat Breakfast with Steve Martin - A...
    ✨ Vibe detected: ['Informational']
    🪝 Hook: Behind the news and an insight into life in Ballarat with Steve Martin.
    Analyzing episode: Breakfast...
      🔹 Episode Vibe: ['Informational']
    Analyzing episode: Breakfast...
      🔹 Episode Vibe: ['Informational']
  🤖 Analyzing: Bandstand with Lucas Burns - ABC listen...
    ✨ Vibe detected: Standard
    🪝 Hook: None
    Analyzing episode: From Holst’s Spark to Powell’s...
      🔹 Episode Vibe: Standard
    Analyzing episode: Is Elgar's Froissart Overture ...
      🔹 Episode Vibe: Standard
  🤖 Analyzing: Best of ABC Sport Podcast - ABC listen...
    ✨ Vibe detected: Standard
    🪝 Hook: None
    Analyzing episode: AFL Sunday: Cameron Ling 'Ther...
      🔹 Episode Vibe: Standard
    Analyzing episode: Kieran Foran got his players t...
      🔹 Episode Vibe: ['Triumphant, underdog victory, coaching prowess, sports analysis.']
  🤖 Analyzing: Best Of The Festivals with Cassie McCull...
    ❌ Critical failure while processing Best Of The Festivals with Cassie McCull: name 'Location' is not defined
  🤖 Analyzing: Big Ideas with Natasha Mitchell - ABC li...
    ✨ Vibe detected: Standard
    🪝 Hook: None
    Analyzing episode: The future of the past — how a...
      🔹 Episode Vibe: Standard
    Analyzing episode: Aliens exist (and the truth is...
      🔹 Episode Vibe: Standard
  🤖 Analyzing: Bluey Book Reads - ABC listen...
    ✨ Vibe detected: Standard
    🪝 Hook: None
  🤖 Analyzing: Bluey Listen Along - ABC listen...
    ❌ Critical failure while processing Bluey Listen Along - ABC listen: name 'Location' is not defined
  🤖 Analyzing: Boyer Lectures - ABC listen...
    ✨ Vibe detected: Standard
    🪝 Hook: None
    Analyzing episode: Boyer Lectures...
      🔹 Episode Vibe: Standard
    Analyzing episode: Boyer Lectures...
      🔹 Episode Vibe: Standard
  🤖 Analyzing: Queensland Afternoons with Katherine Fee...
    ✨ Vibe detected: Standard
    🪝 Hook: None
    Analyzing episode: Afternoons...
    ❌ Critical failure while processing Queensland Afternoons with Katherine Fee: name 'Location' is not defined
  🤖 Analyzing: Brisbane Breakfast with Loretta Ryan and...
    ✨ Vibe detected: ['Informational']
    🪝 Hook: Start your day with ABC Brisbane for the latest news, sport, weather and traffic.
    Analyzing episode: Breakfast...
      🔹 Episode Vibe: Standard
    Analyzing episode: Breakfast...
      🔹 Episode Vibe: ['Informative, energetic, comprehensive, and engaging (typical of a morning news/talk show).']
  🤖 Analyzing: Brisbane Drive with Ellen Fanning - ABC ...
    ✨ Vibe detected: Standard
    🪝 Hook: None
    Analyzing episode: Drive...
      🔹 Episode Vibe: Standard
    Analyzing episode: Drive...
      🔹 Episode Vibe: Standard
  🤖 Analyzing: Queensland Evenings with Kelly Higgins-D...
    ✨ Vibe detected: Standard
    🪝 Hook: None
    Analyzing episode: Evenings...
      🔹 Episode Vibe: Standard
    Analyzing episode: Evenings...
    ❌ Critical failure while processing Queensland Evenings with Kelly Higgins-D: name 'Location' is not defined
  🤖 Analyzing: Brisbane Mornings with Steve Austin - AB...
    ✨ Vibe detected: Standard
    🪝 Hook: None
    Analyzing episode: Mornings...
      🔹 Episode Vibe: Standard
    Analyzing episode: Mornings...
      🔹 Episode Vibe: Standard
  🤖 Analyzing: Brisbane Saturday Breakfast with Mel Bam...
    ✨ Vibe detected: Standard
    🪝 Hook: None
    Analyzing episode: Saturday Breakfast...
      🔹 Episode Vibe: Standard
    Analyzing episode: Saturday Breakfast...
      🔹 Episode Vibe: Standard
  🤖 Analyzing: Queensland Saturday Morning with Sally R...
    ✨ Vibe detected: Standard
    🪝 Hook: None
    Analyzing episode: Saturday Morning...
      🔹 Episode Vibe: ['Energetic, comprehensive, and lifestyle-focused.']
    Analyzing episode: Saturday Morning...
      🔹 Episode Vibe: ['Energetic, comprehensive, and highly engaging, suggesting a wide variety of topics and activities to cater to diverse interests.']
  🤖 Analyzing: Queensland Sunday Morning with Sally Rop...
    ✨ Vibe detected: Standard
    🪝 Hook: None
    Analyzing episode: Sunday Morning...
      🔹 Episode Vibe: ['Inspirational, upbeat, lifestyle-focused, and encouraging.']
    Analyzing episode: Sunday Morning...
      🔹 Episode Vibe: ['Uplifting, inspirational, lifestyle, conversational, positive.']
  🤖 Analyzing: Broken Hill Breakfast with Andrew Schmid...
    ✨ Vibe detected: Standard
    🪝 Hook: None
    Analyzing episode: Breakfast...
      🔹 Episode Vibe: Standard
    Analyzing episode: Breakfast...
      🔹 Episode Vibe: Standard
  🤖 Analyzing: Broken Hill Mornings with Patrick Reinck...
    ✨ Vibe detected: Standard
    🪝 Hook: None
    Analyzing episode: Mornings...
      🔹 Episode Vibe: Standard
    Analyzing episode: Mornings...
      🔹 Episode Vibe: Standard
  🤖 Analyzing: Broken Hill Saturday Breakfast with Aime...
    ✨ Vibe detected: ['Informational']
    🪝 Hook: Start your weekend with a complete mix of news, information, weather, music and entertainment.
    Analyzing episode: Saturday Breakfast...
      🔹 Episode Vibe: Standard
    Analyzing episode: Saturday Breakfast...
      🔹 Episode Vibe: Standard
  🤖 Analyzing: Canberra Afternoons with Alice Matthews ...
    ✨ Vibe detected: Standard
    🪝 Hook: None
    Analyzing episode: Afternoons...
      🔹 Episode Vibe: Standard
    Analyzing episode: Afternoons...
      🔹 Episode Vibe: Standard
  🤖 Analyzing: Canberra Breakfast with Ross Solly - ABC...
    ✨ Vibe detected: Standard
    🪝 Hook: None
    Analyzing episode: Breakfast...
      🔹 Episode Vibe: Standard
    Analyzing episode: Breakfast...
      🔹 Episode Vibe: Standard
  🤖 Analyzing: Canberra Drive with Georgia Stynes - ABC...
    ✨ Vibe detected: ['Informational']
    🪝 Hook: Drive has the latest news, music, and chat, with important local perspectives.
    Analyzing episode: Drive...
      🔹 Episode Vibe: ['Informative, engaging, historical, local interest, conversational.']
    Analyzing episode: Drive...
      🔹 Episode Vibe: Standard
  🤖 Analyzing: Canberra Grandstand with Hannah Walmsley...
    ✨ Vibe detected: Standard
    🪝 Hook: None
    Analyzing episode: Canberra Grandstand...
      🔹 Episode Vibe: Standard
    Analyzing episode: Canberra Grandstand...
      🔹 Episode Vibe: Standard
  🤖 Analyzing: Canberra Mornings with Saskia Mabin - AB...
    ✨ Vibe detected: Standard
    🪝 Hook: None
    Analyzing episode: Mornings...
      🔹 Episode Vibe: Standard
    Analyzing episode: Mornings...
      🔹 Episode Vibe: Standard
  🤖 Analyzing: Canberra Saturday Breakfast with Emma Bi...
    ✨ Vibe detected: Standard
    🪝 Hook: None
    Analyzing episode: Saturday Breakfast...
      🔹 Episode Vibe: Standard
    Analyzing episode: Saturday Breakfast...
      🔹 Episode Vibe: Standard
  🤖 Analyzing: Canberra Sunday Brunch with Kate Midena ...
    ✨ Vibe detected: Standard
    🪝 Hook: None
    Analyzing episode: Sunday Brunch...
      🔹 Episode Vibe: Standard
    Analyzing episode: Sunday Brunch...
      🔹 Episode Vibe: Standard
  🤖 Analyzing: Capricornia Breakfast with Jeremy Jones ...
    ✨ Vibe detected: ['Informational']
    🪝 Hook: Jeremy Jones brings you news, sport, arts, community and weather from 6:30am.
    Analyzing episode: Breakfast...
      🔹 Episode Vibe: ['Informative, Local, Upbeat, Community-focused']
    Analyzing episode: Breakfast...
      🔹 Episode Vibe: ['Informative, local, upbeat, community-focused.']
  🤖 Analyzing: Capricornia Saturday Breakfast with Kary...
    ✨ Vibe detected: Standard
    🪝 Hook: None
    Analyzing episode: Saturday Breakfast...
    ❌ Critical failure while processing Capricornia Saturday Breakfast with Kary: name 'Location' is not defined
  🤖 Analyzing: Capricornia Saturday Grandstand with Mic...
    ❌ Critical failure while processing Capricornia Saturday Grandstand with Mic: name 'Location' is not defined
  🤖 Analyzing: Central Coast Breakfast with Scott Levi ...
    ✨ Vibe detected: Standard
    🪝 Hook: None
    Analyzing episode: Breakfast...
      🔹 Episode Vibe: ['Informational']
    Analyzing episode: Breakfast...
      🔹 Episode Vibe: ['Informational']
  🤖 Analyzing: Central Victoria Breakfast with Fiona Pa...
    ❌ Critical failure while processing Central Victoria Breakfast with Fiona Pa: name 'Location' is not defined
  🤖 Analyzing: Central West Breakfast with Alex James -...
    ✨ Vibe detected: ['Informational']
    🪝 Hook: Let us brighten your morning with the latest news, weather information and community events.
    Analyzing episode: Breakfast...
      🔹 Episode Vibe: Standard
    Analyzing episode: Breakfast...
      🔹 Episode Vibe: Standard
  🤖 Analyzing: Central West Saturday Breakfast with Cam...
    ❌ Critical failure while processing Central West Saturday Breakfast with Cam: name 'Location' is not defined
  🤖 Analyzing: Classic Breakfast with Megan Burslem - A...
    ✨ Vibe detected: ['Sophisticated']
    🪝 Hook: Live performances and classical masterpieces from Classic Breakfast with Megan Burslem - ABC listen.
    Analyzing episode: Classic Breakfast...
      🔹 Episode Vibe: ['Energizing, Classical, Morning/Breakfast, Uplifting']
    Analyzing episode: Classic Breakfast...
      🔹 Episode Vibe: ['Energizing, classical, sophisticated, uplifting.']
  🤖 Analyzing: Classic Drive with Vanessa Hughes - ABC ...
    ✨ Vibe detected: ['Sophisticated']
    🪝 Hook: Live performances and classical masterpieces from Classic Drive with Vanessa Hughes - ABC listen.
    Analyzing episode: Classic Drive...
      🔹 Episode Vibe: Standard
    Analyzing episode: Classic Drive...
      🔹 Episode Vibe: Standard
  🤖 Analyzing: Classic Favourites - ABC listen...
    ✨ Vibe detected: Standard
    🪝 Hook: None
    Analyzing episode: Early Early Music Club...
      🔹 Episode Vibe: Standard
    Analyzing episode: Autumn...
      🔹 Episode Vibe: Standard
  🤖 Analyzing: Mornings with Russell Torrance - ABC lis...
    ✨ Vibe detected: ['Informational']
    🪝 Hook: Spend your morning with great music, including the latest news from the classical world.
    Analyzing episode: Mornings...
      🔹 Episode Vibe: Standard
    Analyzing episode: Mornings...
      🔹 Episode Vibe: Standard
  🤖 Analyzing: Saturday Afternoon with Leigh Sales - AB...
    ✨ Vibe detected: ['Sophisticated']
    🪝 Hook: Live performances and classical masterpieces from Saturday Afternoon with Leigh Sales - ABC listen.
    Analyzing episode: Saturday Afternoon...
      🔹 Episode Vibe: Standard
    Analyzing episode: Saturday Afternoon...
      🔹 Episode Vibe: Standard
  🤖 Analyzing: Weekend Breakfast with Ed Le Brocq - ABC...
    ✨ Vibe detected: Standard
    🪝 Hook: None
    Analyzing episode: Weekend Breakfast...
      🔹 Episode Vibe: Standard
    Analyzing episode: Weekend Breakfast...
      🔹 Episode Vibe: ['Relaxed, entertaining, and celebratory of the weekend.']
  🤖 Analyzing: Weekend Mornings with Alice Keath and Da...
    ✨ Vibe detected: Standard
    🪝 Hook: None
    Analyzing episode: Weekend Mornings...
      🔹 Episode Vibe: Standard
    Analyzing episode: Weekend Mornings...
      🔹 Episode Vibe: Standard
  🤖 Analyzing: Coffs Coast Breakfast with Fiona Poole -...
    ✨ Vibe detected: ['Informational']
    🪝 Hook: Local news and information designed to kickstart your day, with Fiona Poole.
    Analyzing episode: Breakfast...
      🔹 Episode Vibe: ['Informational']
    Analyzing episode: Breakfast...
      🔹 Episode Vibe: ['Informational']
  🤖 Analyzing: Come By Chance - ABC listen...
    ❌ Critical failure while processing Come By Chance - ABC listen: name 'Location' is not defined
  🤖 Analyzing: Coronacast with Tegan Taylor and Dr Norm...
    ✨ Vibe detected: Standard
    🪝 Hook: None
    Analyzing episode: End of Coronacast, but we're n...
      🔹 Episode Vibe: Standard
    Analyzing episode: INTRODUCING — Hello AI Overlor...
      🔹 Episode Vibe: ["Informative, friendly, conversational, and slightly anticipatory (due to the 'news' and 'recommendation')."]
  🤖 Analyzing: Country Breakfast with David Claughton -...
    ✨ Vibe detected: Standard
    🪝 Hook: None
    Analyzing episode: Country Breakfast...
      🔹 Episode Vibe: Standard
    Analyzing episode: Country Breakfast...
      🔹 Episode Vibe: Standard
  🤖 Analyzing: Countrywide with Various Presenters - AB...
    ✨ Vibe detected: Standard
    🪝 Hook: None
    Analyzing episode: Countrywide...
      🔹 Episode Vibe: Standard
    Analyzing episode: Countrywide...
      🔹 Episode Vibe: Standard
  🤖 Analyzing: Critics Corner with Hilary Harper - ABC ...
    ✨ Vibe detected: Standard
    🪝 Hook: None
    Analyzing episode: Celebrating Aboriginal art, an...
      🔹 Episode Vibe: Standard
    Analyzing episode: Growing up as the child of art...
      🔹 Episode Vibe: ['Nostalgic, artistic, reflective, biographical']
  🤖 Analyzing: NT Afternoons with Liz Trevaskis - ABC l...
    ✨ Vibe detected: Standard
    🪝 Hook: None
    Analyzing episode: Afternoons...
      🔹 Episode Vibe: Standard
    Analyzing episode: Afternoons...
      🔹 Episode Vibe: Standard
  🤖 Analyzing: Darwin Breakfast with Jess Ong - ABC lis...
    ✨ Vibe detected: Standard
    🪝 Hook: None
    Analyzing episode: Breakfast...
      🔹 Episode Vibe: ['Energetic, informative, positive, morning routine, lifestyle.']
    Analyzing episode: Breakfast...
    ❌ Critical failure while processing Darwin Breakfast with Jess Ong - ABC lis: name 'Location' is not defined
  🤖 Analyzing: Darwin Drive with Adam Steer - ABC liste...
    ✨ Vibe detected: Standard
    🪝 Hook: None
    Analyzing episode: Drive...
      🔹 Episode Vibe: Standard
    Analyzing episode: Drive...
      🔹 Episode Vibe: Standard
  🤖 Analyzing: Darwin Mornings with Lara Stimpson - ABC...
    ✨ Vibe detected: Standard
    🪝 Hook: None
    Analyzing episode: Mornings...
      🔹 Episode Vibe: ['Uplifting, informative, and motivational.']
    Analyzing episode: Mornings...
      🔹 Episode Vibe: Standard
  🤖 Analyzing: Darwin Saturdays with Amelia Searson - A...
    ⚠️ Local Qwen failed/timed out. Falling back to Gemini for: Darwin Saturdays with Amelia S
       [ERR GEMINI] 'NoneType' object has no attribute 'aio'
    🔴 Major Signal Dropout: Could not analyze Darwin Saturdays with Amelia S
    Analyzing episode: Saturdays...
      🔹 Episode Vibe: Standard
    Analyzing episode: Saturdays...
      🔹 Episode Vibe: Standard
  🤖 Analyzing: NT Sundays with David Garnham - ABC list...
    ✨ Vibe detected: ['Informational']
    🪝 Hook: Chill out on Sundays with Sajarn Stow and great tunes, news and activity ideas.
    Analyzing episode: Sundays...
      🔹 Episode Vibe: ['Relaxed, informative, engaging, and community-focused.']
    Analyzing episode: Sundays...
      🔹 Episode Vibe: ['Relaxed, informative, engaging, and community-focused.']
  🤖 Analyzing: Dawn Chorus - ABC listen...
    ✨ Vibe detected: ['Sophisticated']
    🪝 Hook: Live performances and classical masterpieces from Dawn Chorus - ABC listen.
    Analyzing episode: Dawn Chorus...
      🔹 Episode Vibe: Standard
    Analyzing episode: Dawn Chorus...
      🔹 Episode Vibe: Standard
  🤖 Analyzing: Days Like These with Farz Edraki - ABC l...
    ✨ Vibe detected: Standard
    🪝 Hook: None
    Analyzing episode: INTRODUCING — The Weather That...
      🔹 Episode Vibe: Standard
    Analyzing episode: How to build a dragon...
  🤖 Analyzing: Dead Funny History - ABC listen...
    ❌ Critical failure while processing Dead Funny History - ABC listen: name 'Location' is not defined
  🤖 Analyzing: Desko with Zan Rowe - ABC listen...
    ✨ Vibe detected: Standard
    🪝 Hook: None
  🤖 Analyzing: Did Titanic Sink? with Tim Batt and Carl...
    ✨ Vibe detected: Standard
    🪝 Hook: None
    Analyzing episode: INTRODUCING — Did Titanic Sink...
      🔹 Episode Vibe: Standard
    Analyzing episode: 01 | Titanic — The sinkable sh...
      🔹 Episode Vibe: Standard
  🤖 Analyzing: Do You Know Mordechai? - ABC listen...
    ✨ Vibe detected: Standard
    🪝 Hook: None
    Analyzing episode: Episode 1: A Knock On The Door...
      🔹 Episode Vibe: Standard
    Analyzing episode: Episode 2: Sorry I Went AWOL...
      🔹 Episode Vibe: Standard
  🤖 Analyzing: Arvos with Dylan Lewis - ABC listen...
    ✨ Vibe detected: Standard
    🪝 Hook: None
    Analyzing episode: Arvos...
      🔹 Episode Vibe: Standard
    Analyzing episode: Inside TOMORA: AURORA and Tom ...
      🔹 Episode Vibe: Standard
  🤖 Analyzing: Classic Albums with Caz Tran - ABC liste...
    ✨ Vibe detected: Standard
    🪝 Hook: None
    Analyzing episode: Augie March - Moo, You Bloody ...
      🔹 Episode Vibe: Standard
    Analyzing episode: The Bangles - Different Light...
    ❌ Critical failure while processing Classic Albums with Caz Tran - ABC liste: name 'Location' is not defined
  🤖 Analyzing: Lunch with Karen Leng - ABC listen...
    ❌ Critical failure while processing Lunch with Karen Leng - ABC listen: name 'Location' is not defined
  🤖 Analyzing: Mornings with Michael Hing - ABC listen...
    ⚠️ Local Qwen failed/timed out. Falling back to Gemini for: Mornings with Michael Hing - A
       [ERR GEMINI] 'NoneType' object has no attribute 'aio'
    🔴 Major Signal Dropout: Could not analyze Mornings with Michael Hing - A
    Analyzing episode: Mornings...
    ❌ Critical failure while processing Mornings with Michael Hing - ABC listen: name 'Location' is not defined
  🤖 Analyzing: Special - ABC listen...
    ✨ Vibe detected: Standard
    🪝 Hook: None
    Analyzing episode: Shortcut: Double J's Best Albu...
      🔹 Episode Vibe: Standard
    Analyzing episode: Trainspotting 30th Anniversary...
      🔹 Episode Vibe: Standard
  🤖 Analyzing: Weekends with Angharad Yeo - ABC listen...
    ✨ Vibe detected: Standard
    🪝 Hook: None
  🤖 Analyzing: Download This Show with Rae Johnston - A...
    ✨ Vibe detected: Standard
    🪝 Hook: None
    Analyzing episode: Artemis II isn't the only cool...
      🔹 Episode Vibe: Standard
    Analyzing episode: Does Australia have the energy...
      🔹 Episode Vibe: Standard
  🤖 Analyzing: Duet with Tamara-Anna Cislowska - ABC li...
    ❌ Critical failure while processing Duet with Tamara-Anna Cislowska - ABC li: name 'Location' is not defined
  🤖 Analyzing: Early Morning Country with Michael Clark...
    ✨ Vibe detected: Standard
    🪝 Hook: None
    Analyzing episode: Early Morning Country...
      🔹 Episode Vibe: Standard
    Analyzing episode: Early Morning Country...
      🔹 Episode Vibe: Standard
  🤖 Analyzing: Edge Of Country - ABC listen...
    ✨ Vibe detected: ['Smooth']
    🪝 Hook: Soulful jazz and rhythmic exploration with Edge Of Country - ABC listen.
    Analyzing episode: Edge Of Country: Waylon Payne ...
      🔹 Episode Vibe: Standard
    Analyzing episode: West Australian folk duo Whisk...
      🔹 Episode Vibe: Standard
  🤖 Analyzing: Essential Jazz - ABC listen...
    ✨ Vibe detected: ['Smooth']
    🪝 Hook: Soulful jazz and rhythmic exploration with Essential Jazz - ABC listen.
    Analyzing episode: Essential Jazz...
      🔹 Episode Vibe: Standard
    Analyzing episode: Essential Jazz...
      🔹 Episode Vibe: Standard
  🤖 Analyzing: Evening Concert with Joel Carnegie - ABC...
    ✨ Vibe detected: ['Sophisticated']
    🪝 Hook: Live performances and classical masterpieces from Evening Concert with Joel Carnegie - ABC listen.
    Analyzing episode: Orchestre de la Suisse Romande...
      🔹 Episode Vibe: Standard
    Analyzing episode: Leipzig Gewandhaus Orchestra a...
      🔹 Episode Vibe: Standard
  🤖 Analyzing: Every Bite with Jonathan Green - ABC lis...
    ✨ Vibe detected: Standard
    🪝 Hook: None
    Analyzing episode: Hi, fibre! Is it time to reboo...
      🔹 Episode Vibe: Standard
    Analyzing episode: Stephanie Alexander — 30 years...
      🔹 Episode Vibe: Standard
  🤖 Analyzing: Evil Genius - ABC listen...
    ✨ Vibe detected: Standard
    🪝 Hook: None
  🤖 Analyzing: Eyre Peninsula Breakfast with Emma Pedle...
    ✨ Vibe detected: Standard
    🪝 Hook: None
    Analyzing episode: Breakfast...
      🔹 Episode Vibe: Standard
    Analyzing episode: Breakfast...
      🔹 Episode Vibe: Standard
  🤖 Analyzing: F1 Back at Base - ABC listen...
    ❌ Critical failure while processing F1 Back at Base - ABC listen: name 'Location' is not defined
  🤖 Analyzing: Far North Breakfast with Charlie McKillo...
    ✨ Vibe detected: ['Informational']
    🪝 Hook: Charlie McKillop starts your day with news, information, weather and entertainment.
    Analyzing episode: Breakfast...
      🔹 Episode Vibe: ['Informational']
    Analyzing episode: Breakfast...
      🔹 Episode Vibe: ['Informational']
  🤖 Analyzing: Far North and North Queensland Rural Rep...
    ✨ Vibe detected: ['Informational']
    🪝 Hook: The latest rural news from Far North and North Queensland.
    Analyzing episode: Far North and North Queensland...
    ❌ Critical failure while processing Far North and North Queensland Rural Rep: name 'Location' is not defined
  🤖 Analyzing: Far North Saturday Breakfast with Amanda...
    ✨ Vibe detected: ['Informational']
    🪝 Hook: Saturday Breakfast offers a mix of news, current affairs, weather, movie reviews and sport.
    Analyzing episode: Saturday Breakfast...
      🔹 Episode Vibe: ['Informational']
    Analyzing episode: Saturday Breakfast...
      🔹 Episode Vibe: ['Informational']
  🤖 Analyzing: Far North Saturday Grandstand with Bluey...
    ✨ Vibe detected: Standard
    🪝 Hook: None
    Analyzing episode: Saturday Grandstand...
      🔹 Episode Vibe: ['Informative, energetic, and comprehensive sports coverage.']
    Analyzing episode: Saturday Grandstand...
      🔹 Episode Vibe: Standard
  🤖 Analyzing: Fierce Girls - ABC listen...
    ✨ Vibe detected: Standard
    🪝 Hook: None
    Analyzing episode: Chloe Hayden – the girl who pu...
      🔹 Episode Vibe: Standard
    Analyzing episode: Naomi Moran – the girl who cam...
      🔹 Episode Vibe: Standard
  🤖 Analyzing: For The God Who Sings with Stephen Watki...
    ✨ Vibe detected: Standard
    🪝 Hook: None
    Analyzing episode: The incredulity of Thomas...
      🔹 Episode Vibe: Standard
    Analyzing episode: 'Haec Dies'- This is the day...
      🔹 Episode Vibe: Standard
  🤖 Analyzing: Forged with Adrian Stimson - ABC listen...
    ❌ Critical failure while processing Forged with Adrian Stimson - ABC listen: name 'Location' is not defined
  🤖 Analyzing: Friday Mornings with Tom Ravenscroft - A...
    ✨ Vibe detected: Standard
    🪝 Hook: None
    Analyzing episode: Friday Mornings...
      🔹 Episode Vibe: Standard
    Analyzing episode: Finish the working week with T...
    ❌ Critical failure while processing Friday Mornings with Tom Ravenscroft - A: name 'GuestProfile' is not defined
  🤖 Analyzing: Friday Night with Alice Keath - ABC list...
    ✨ Vibe detected: Standard
    🪝 Hook: None
    Analyzing episode: Friday Night...
      🔹 Episode Vibe: Standard
    Analyzing episode: Friday Night...
      🔹 Episode Vibe: Standard
  🤖 Analyzing: Future Tense with Antony Funnell - ABC l...
    ✨ Vibe detected: Standard
    🪝 Hook: None
    Analyzing episode: The danger of generational lab...
      🔹 Episode Vibe: Standard
    Analyzing episode: Civility, trash talking and mo...
      🔹 Episode Vibe: Standard
  🤖 Analyzing: Game Show with Meena Shamaly - ABC liste...
    ✨ Vibe detected: ['Sophisticated']
    🪝 Hook: Live performances and classical masterpieces from Game Show with Meena Shamaly - ABC listen.
    Analyzing episode: Culture rock: the music of Stu...
      🔹 Episode Vibe: Standard
    Analyzing episode: Multiplayer music...
      🔹 Episode Vibe: Standard
  🤖 Analyzing: Gatsby in Harlem - ABC listen...
    ❌ Critical failure while processing Gatsby in Harlem - ABC listen: name 'Location' is not defined
  🤖 Analyzing: Gippsland and Goulburn Murray Rural Repo...
    ✨ Vibe detected: Standard
    🪝 Hook: None
    Analyzing episode: Gippsland and Goulburn Murray ...
      🔹 Episode Vibe: ['Informational']
    Analyzing episode: Gippsland and Goulburn Murray ...
      🔹 Episode Vibe: ['Informational']
  🤖 Analyzing: Gippsland Breakfast with Mim Hook - ABC ...
    ✨ Vibe detected: ['Informational']
    🪝 Hook: Mim Hook brings listeners a tasting plate of music, news and local information.
    Analyzing episode: Breakfast...
      🔹 Episode Vibe: Standard
    Analyzing episode: Breakfast...
      🔹 Episode Vibe: Standard
  🤖 Analyzing: God Forbid with James Carleton - ABC lis...
    ✨ Vibe detected: Standard
    🪝 Hook: None
    Analyzing episode: Why do adults still need fairy...
      🔹 Episode Vibe: ['Introspective, cultural, and slightly academic, with a focus on the enduring power of narrative and myth.']
    Analyzing episode: The rise of the Orthobros...
      🔹 Episode Vibe: Standard
  🤖 Analyzing: Gold Coast Breakfast with Trevor Jackson...
    ✨ Vibe detected: Standard
    🪝 Hook: None
    Analyzing episode: Breakfast...
    ❌ Critical failure while processing Gold Coast Breakfast with Trevor Jackson: name 'Location' is not defined
  🤖 Analyzing: Gold Coast Drive with Bern Young - ABC l...
    ✨ Vibe detected: Standard
    🪝 Hook: None
    Analyzing episode: Drive...
      🔹 Episode Vibe: Standard
    Analyzing episode: Drive...
      🔹 Episode Vibe: Standard
  🤖 Analyzing: Gold Coast Mornings with Nicole Dyer - A...
    ✨ Vibe detected: Standard
    🪝 Hook: None
    Analyzing episode: Mornings...
    ❌ Critical failure while processing Gold Coast Mornings with Nicole Dyer - A: name 'Location' is not defined
  🤖 Analyzing: Gold Coast Saturday Breakfast with Tom F...
    ✨ Vibe detected: Standard
    🪝 Hook: None
    Analyzing episode: Saturday Breakfast...
      🔹 Episode Vibe: Standard
    Analyzing episode: Saturday Breakfast...
      🔹 Episode Vibe: Standard
  🤖 Analyzing: Goldfields-Esperance Breakfast with Ivo ...
    ❌ Critical failure while processing Goldfields-Esperance Breakfast with Ivo : name 'Location' is not defined
  🤖 Analyzing: Goldfields Esperance, Midwest & Wheatbel...
    ✨ Vibe detected: Standard
    🪝 Hook: None
    Analyzing episode: Goldfields Esperance, Midwest ...
      🔹 Episode Vibe: Standard
    Analyzing episode: Goldfields Esperance, Midwest ...
      🔹 Episode Vibe: Standard
  🤖 Analyzing: Goldfields-Esperance Saturday Breakfast ...
    ✨ Vibe detected: Standard
    🪝 Hook: None
    Analyzing episode: Saturday Breakfast...
      🔹 Episode Vibe: Standard
    Analyzing episode: Saturday Breakfast...
    ❌ Critical failure while processing Goldfields-Esperance Saturday Breakfast : name 'Location' is not defined
  🤖 Analyzing: Goulburn Murray Breakfast with Sandra Mo...
    ✨ Vibe detected: Standard
    🪝 Hook: None
    Analyzing episode: Breakfast...
      🔹 Episode Vibe: Standard
    Analyzing episode: Breakfast...
      🔹 Episode Vibe: Standard
  🤖 Analyzing: Grass Roots - ABC listen...
    ✨ Vibe detected: Standard
    🪝 Hook: None
    Analyzing episode: Grass Roots: Lane Pittman retu...
      🔹 Episode Vibe: Standard
    Analyzing episode: Grass Roots: Brisbane's own Ge...
    ❌ Critical failure while processing Grass Roots - ABC listen: name 'Location' is not defined
  🤖 Analyzing: Great Southern Breakfast with Paul Cook ...
    ✨ Vibe detected: Standard
    🪝 Hook: None
    Analyzing episode: Breakfast...
      🔹 Episode Vibe: Standard
    Analyzing episode: Breakfast...
      🔹 Episode Vibe: Standard
  🤖 Analyzing: Great Southern Saturday Breakfast with E...
    ✨ Vibe detected: ['Informational']
    🪝 Hook: News, sport, weather and fine music to kickstart your weekend.
    Analyzing episode: Saturday Breakfast...
      🔹 Episode Vibe: ['Informational']
    Analyzing episode: Saturday Breakfast...
      🔹 Episode Vibe: ['Informational']
  🤖 Analyzing: Hey Duggee Pupcast - ABC listen...
    ✨ Vibe detected: Standard
    🪝 Hook: None
  🤖 Analyzing: History Or Hoarding? With Annabel Crabb ...
    ❌ Critical failure while processing History Or Hoarding? With Annabel Crabb : name 'Location' is not defined
  🤖 Analyzing: Hobart Breakfast with Ryk Goddard - ABC ...
    ✨ Vibe detected: Standard
    🪝 Hook: None
    Analyzing episode: Breakfast...
      🔹 Episode Vibe: Standard
    Analyzing episode: Breakfast...
      🔹 Episode Vibe: Standard
  🤖 Analyzing: Hobart Drive with Lucy Breaden and Kylie...
    ✨ Vibe detected: Standard
    🪝 Hook: None
    Analyzing episode: Drive...
      🔹 Episode Vibe: Standard
    Analyzing episode: Drive...
      🔹 Episode Vibe: Standard
  🤖 Analyzing: Tasmania Evenings with Helen Shield - AB...
    ✨ Vibe detected: Standard
    🪝 Hook: None
    Analyzing episode: Evenings...
      🔹 Episode Vibe: Standard
    Analyzing episode: Evenings...
      🔹 Episode Vibe: ['Relaxed, calming, and transitionary; focused on self-care and winding down.']
  🤖 Analyzing: Tasmania Local Grandstand with Chris Row...
    ✨ Vibe detected: Standard
    🪝 Hook: None
    Analyzing episode: Tasmania Grandstand...
      🔹 Episode Vibe: ['Informational']
    Analyzing episode: Tasmania Grandstand...
      🔹 Episode Vibe: ['Informational']
  🤖 Analyzing: Tasmania Mornings with Leon Compton - AB...
    ⚠️ Local Qwen failed/timed out. Falling back to Gemini for: Tasmania Mornings with Leon Co
       [ERR GEMINI] 'NoneType' object has no attribute 'aio'
    🔴 Major Signal Dropout: Could not analyze Tasmania Mornings with Leon Co
    Analyzing episode: Mornings...
      🔹 Episode Vibe: Standard
    Analyzing episode: Mornings...
      🔹 Episode Vibe: Standard
  🤖 Analyzing: Tasmania Saturdays with Mel Bush - ABC l...
    ✨ Vibe detected: Standard
    🪝 Hook: None
    Analyzing episode: Saturdays...
      🔹 Episode Vibe: Standard
    Analyzing episode: Saturdays...
      🔹 Episode Vibe: Standard
  🤖 Analyzing: Tasmania Sundays with Lucie Cutting - AB...
    ✨ Vibe detected: Standard
    🪝 Hook: None
    Analyzing episode: Sundays...
      🔹 Episode Vibe: Standard
    Analyzing episode: Sundays...
      🔹 Episode Vibe: Standard
  🤖 Analyzing: Tasmania Afternoons with Joel Rheinberge...
    ❌ Critical failure while processing Tasmania Afternoons with Joel Rheinberge: name 'Location' is not defined
  🤖 Analyzing: Ideas at the House - ABC listen...
    ✨ Vibe detected: Standard
    🪝 Hook: None
    Analyzing episode: No Spin, No Compromise...
      🔹 Episode Vibe: Standard
    Analyzing episode: Inside the Epstein Files...
      🔹 Episode Vibe: Standard
  🤖 Analyzing: Illawarra Breakfast with Melinda James -...
    ✨ Vibe detected: Standard
    🪝 Hook: None
    Analyzing episode: Breakfast...
      🔹 Episode Vibe: ['Informative, upbeat, local, engaging']
    Analyzing episode: Breakfast...
      🔹 Episode Vibe: ['Informative, upbeat, local, and engaging.']
  🤖 Analyzing: Illawarra Drive with Lindsay McDougall -...
    ✨ Vibe detected: ['Informational']
    🪝 Hook: Get the latest news, information and entertainment from across the Illawarra with Lindsay McDougall.
    Analyzing episode: Drive...
      🔹 Episode Vibe: ['Informational']
    Analyzing episode: Drive...
      🔹 Episode Vibe: ['Informational']
  🤖 Analyzing: Illawarra Mornings with Nick Rheinberger...
    ✨ Vibe detected: Standard
    🪝 Hook: None
    Analyzing episode: Mornings...
      🔹 Episode Vibe: Standard
    Analyzing episode: Mornings...
      🔹 Episode Vibe: Standard
  🤖 Analyzing: Illawarra Saturday Breakfast with Mark M...
    ✨ Vibe detected: Standard
    🪝 Hook: None
    Analyzing episode: Saturday Breakfast...
      🔹 Episode Vibe: Standard
    Analyzing episode: Saturday Breakfast...
      🔹 Episode Vibe: Standard
  🤖 Analyzing: In Concert - ABC listen...
    ✨ Vibe detected: ['Sophisticated']
    🪝 Hook: Live performances and classical masterpieces from In Concert - ABC listen.
  🤖 Analyzing: Insiders Podcast with David Speers - ABC...
    ✨ Vibe detected: Standard
    🪝 Hook: None
    Analyzing episode: Analysis: Albanese government'...
      🔹 Episode Vibe: ['Urgent, critical, geopolitical, political commentary']
    Analyzing episode: Make or break US-Iran peace ta...
      🔹 Episode Vibe: Standard
  🤖 Analyzing: Artist in Residence - ABC listen...
    ✨ Vibe detected: ['Smooth']
    🪝 Hook: Soulful jazz and rhythmic exploration with Artist in Residence - ABC listen.
    Analyzing episode: Artist in Residence: Lachlan M...
    ❌ Critical failure while processing Artist in Residence - ABC listen: name 'Location' is not defined
  🤖 Analyzing: Jazz Breakfast - ABC listen...
    ✨ Vibe detected: ['Smooth']
    🪝 Hook: Soulful jazz and rhythmic exploration with Jazz Breakfast - ABC listen.
  🤖 Analyzing: Jazz Legends with Eric Ajaye - ABC liste...
    ✨ Vibe detected: ['Smooth']
    🪝 Hook: Soulful jazz and rhythmic exploration with Jazz Legends with Eric Ajaye - ABC listen.
    Analyzing episode: Jazz Legends: Marian McPartlan...
      🔹 Episode Vibe: Standard
    Analyzing episode: Jazz Legends: Carmen McRae...
      🔹 Episode Vibe: Standard
  🤖 Analyzing: Lunch - ABC listen...
    ✨ Vibe detected: ['Smooth']
    🪝 Hook: Soulful jazz and rhythmic exploration with Lunch - ABC listen.
  🤖 Analyzing: Jazz Unwind - ABC listen...
    ✨ Vibe detected: ['Smooth']
    🪝 Hook: Soulful jazz and rhythmic exploration with Jazz Unwind - ABC listen.
    Analyzing episode: Jazz Unwind...
      🔹 Episode Vibe: Standard
    Analyzing episode: Jazz Unwind...
      🔹 Episode Vibe: Standard
  🤖 Analyzing: Jazztrack with Mal Stanley - ABC listen...
    ✨ Vibe detected: ['Smooth']
    🪝 Hook: Soulful jazz and rhythmic exploration with Jazztrack with Mal Stanley - ABC listen.
    Analyzing episode: Jazztrack...
      🔹 Episode Vibe: Standard
    Analyzing episode: Jazztrack...
      🔹 Episode Vibe: Standard
  🤖 Analyzing: Jazztrack Live with Mal Stanley - ABC li...
    ✨ Vibe detected: ['Sophisticated']
    🪝 Hook: Live performances and classical masterpieces from Jazztrack Live with Mal Stanley - ABC listen.
    Analyzing episode: Dee Dee Bridgewater live in Se...
      🔹 Episode Vibe: Standard
    Analyzing episode: Michel Portal live in Paris...
      🔹 Episode Vibe: Standard
  🤖 Analyzing: Kids Classics with Genevieve Lang - ABC ...
    ✨ Vibe detected: ['Sophisticated']
    🪝 Hook: Live performances and classical masterpieces from Kids Classics with Genevieve Lang - ABC listen.
    Analyzing episode: Kids Classics: Bluey!...
    ❌ Critical failure while processing Kids Classics with Genevieve Lang - ABC : name 'GuestProfile' is not defined
  🤖 Analyzing: Kimberley Breakfast with Vanessa Mills -...
    ✨ Vibe detected: Standard
    🪝 Hook: None
    Analyzing episode: Breakfast...
      🔹 Episode Vibe: Standard
    Analyzing episode: Breakfast...
      🔹 Episode Vibe: Standard
  🤖 Analyzing: Kimberley Pilbara Mornings with Charlie ...
    ✨ Vibe detected: Standard
    🪝 Hook: None
    Analyzing episode: Mornings...
      🔹 Episode Vibe: Standard
    Analyzing episode: Mornings...
      🔹 Episode Vibe: Standard
  🤖 Analyzing: Kimberley Pilbara Saturday Breakfast wit...
    ✨ Vibe detected: Standard
    🪝 Hook: None
    Analyzing episode: Saturday Breakfast...
    ❌ Critical failure while processing Kimberley Pilbara Saturday Breakfast wit: name 'Location' is not defined
  🤖 Analyzing: Lab Notes with Jonathan Webb - ABC liste...
    ✨ Vibe detected: Standard
    🪝 Hook: None
    Analyzing episode: Lab Notes: Is measles back?...
      🔹 Episode Vibe: Standard
    Analyzing episode: Lab Notes: What can we grow on...
      🔹 Episode Vibe: Standard
  🤖 Analyzing: Ladies, We Need To Talk with Yumi Stynes...
    ❌ Critical failure while processing Ladies, We Need To Talk with Yumi Stynes: name 'Location' is not defined
  🤖 Analyzing: Lady Killers with Lucy Worsley - ABC lis...
    ✨ Vibe detected: Standard
    🪝 Hook: None
  🤖 Analyzing: Jazz After Hours - ABC listen...
    ✨ Vibe detected: ['Smooth']
    🪝 Hook: Soulful jazz and rhythmic exploration with Jazz After Hours - ABC listen.
  🤖 Analyzing: Law Report with Damien Carrick - ABC lis...
    ✨ Vibe detected: Standard
    🪝 Hook: None
    Analyzing episode: Euthanasia: How Australia's ap...
    ❌ Critical failure while processing Law Report with Damien Carrick - ABC lis: name 'Location' is not defined
  🤖 Analyzing: Legends with Mairi Nicolson - ABC listen...
    ✨ Vibe detected: ['Sophisticated']
    🪝 Hook: Live performances and classical masterpieces from Legends with Mairi Nicolson - ABC listen.
  🤖 Analyzing: Life Matters with Tegan Taylor and Bever...
    ✨ Vibe detected: Standard
    🪝 Hook: None
    Analyzing episode: Making workplaces truly neuro-...
      🔹 Episode Vibe: Standard
    Analyzing episode: The neighbourhoods driving the...
      🔹 Episode Vibe: Standard
  🤖 Analyzing: Line Break - ABC listen...
    ✨ Vibe detected: Standard
    🪝 Hook: None
    Analyzing episode: In Real Life by Ender Baskan...
      🔹 Episode Vibe: Standard
    Analyzing episode: breith eun by Eartha Davis...
      🔹 Episode Vibe: Standard
  🤖 Analyzing: Live at the Wireless with Caz Tran - ABC...
    ✨ Vibe detected: Standard
    🪝 Hook: None
    Analyzing episode: CMAT Live At Forum Melbourne 2...
      🔹 Episode Vibe: Standard
    Analyzing episode: Rage Against the Machine Live ...
      🔹 Episode Vibe: Standard
  🤖 Analyzing: Love Me - ABC listen...
    ✨ Vibe detected: Standard
    🪝 Hook: None
    Analyzing episode: INTRODUCING | Love Me...
      🔹 Episode Vibe: Standard
    Analyzing episode: 01 | Undeniable...
      🔹 Episode Vibe: Standard
  🤖 Analyzing: Luminous with Bailey Pickles and Lolita ...
    ✨ Vibe detected: ['Sophisticated']
    🪝 Hook: Live performances and classical masterpieces from Luminous with Bailey Pickles and Lolita Emmanuel - ABC listen.
    Analyzing episode: Luminous...
      🔹 Episode Vibe: Standard
    Analyzing episode: Luminous...
      🔹 Episode Vibe: Standard
  🤖 Analyzing: Lunchtime Concert with Genevieve Lang an...
    ✨ Vibe detected: ['Sophisticated']
    🪝 Hook: Live performances and classical masterpieces from Lunchtime Concert with Genevieve Lang and Stéphanie Kabanyana Kanyandekwe - ABC listen.
    Analyzing episode: TSO plays Tan Dun's Wolf Totem...
      🔹 Episode Vibe: Standard
    Analyzing episode: Simone Young Conducts Britten ...
      🔹 Episode Vibe: Standard
  🤖 Analyzing: MediaLand with Tim Burrowes and Vivienne...
    ✨ Vibe detected: Standard
    🪝 Hook: None
    Analyzing episode: A year of mergers, successions...
      🔹 Episode Vibe: Standard
    Analyzing episode: Social media ban bites!...
      🔹 Episode Vibe: Standard
  🤖 Analyzing: Victorian Afternoons with Brigitte Duclo...
    ✨ Vibe detected: Standard
    🪝 Hook: None
    Analyzing episode: Afternoons...
      🔹 Episode Vibe: Standard
    Analyzing episode: Afternoons...
      🔹 Episode Vibe: Standard
  🤖 Analyzing: Melbourne Breakfast with Bob Murphy and ...
    ✨ Vibe detected: ['Informational']
    🪝 Hook: Serving up a breakfast buffet of news, culture, and the stories that make Melbourne.
    Analyzing episode: Breakfast...
      🔹 Episode Vibe: Standard
    Analyzing episode: Breakfast...
      🔹 Episode Vibe: Standard
  🤖 Analyzing: Melbourne Drive with Ali Moore - ABC lis...
    ✨ Vibe detected: Standard
    🪝 Hook: None
    Analyzing episode: Drive...
      🔹 Episode Vibe: Standard
    Analyzing episode: Drive...
      🔹 Episode Vibe: Standard
  🤖 Analyzing: Victorian Evenings with David Astle - AB...
    ✨ Vibe detected: Standard
    🪝 Hook: None
    Analyzing episode: Evenings...
      🔹 Episode Vibe: Standard
    Analyzing episode: Evenings...
      🔹 Episode Vibe: Standard
  🤖 Analyzing: Melbourne Mornings with Rafael Epstein -...
    ✨ Vibe detected: Standard
    🪝 Hook: None
    Analyzing episode: Mornings...
      🔹 Episode Vibe: Standard
    Analyzing episode: Mornings...
      🔹 Episode Vibe: Standard
  🤖 Analyzing: Melbourne Saturday Breakfast with Brian ...
    ✨ Vibe detected: Standard
    🪝 Hook: None
    Analyzing episode: Saturday Breakfast...
      🔹 Episode Vibe: Standard
    Analyzing episode: Saturday Breakfast...
      🔹 Episode Vibe: Standard
  🤖 Analyzing: Victorian Saturday Mornings with Jacinta...
    ✨ Vibe detected: Standard
    🪝 Hook: None
    Analyzing episode: Saturday Mornings...
      🔹 Episode Vibe: Standard
    Analyzing episode: Saturday Mornings...
      🔹 Episode Vibe: ['Upbeat, celebratory, lifestyle-focused, energetic, and highly engaging.']
  🤖 Analyzing: Victorian Sundays with Lisa Leong - ABC ...
    ✨ Vibe detected: Standard
    🪝 Hook: None
    Analyzing episode: Sundays...
      🔹 Episode Vibe: Standard
    Analyzing episode: Sundays...
      🔹 Episode Vibe: Standard
  🤖 Analyzing: Mid and North Coast Rural Report with Ki...
    ✨ Vibe detected: Standard
    🪝 Hook: None
    Analyzing episode: Mid and North Coast Rural Repo...
      🔹 Episode Vibe: Standard
    Analyzing episode: Mid and North Coast Rural Repo...
      🔹 Episode Vibe: Standard
  🤖 Analyzing: Mid North Coast Breakfast with Cameron M...
    ❌ Critical failure while processing Mid North Coast Breakfast with Cameron M: name 'Location' is not defined
  🤖 Analyzing: Mid North Coast Saturday Breakfast with ...
    ⚠️ Local Qwen failed/timed out. Falling back to Gemini for: Mid North Coast Saturday Break
       [ERR GEMINI] 'NoneType' object has no attribute 'aio'
    🔴 Major Signal Dropout: Could not analyze Mid North Coast Saturday Break
    Analyzing episode: Saturday Breakfast...
      🔹 Episode Vibe: Standard
    Analyzing episode: Saturday Breakfast...
      🔹 Episode Vibe: Standard
  🤖 Analyzing: Midsomer Murders Mayhem - ABC listen...
    ✨ Vibe detected: Standard
    🪝 Hook: None
  🤖 Analyzing: Mildura-Swan Hill Breakfast with Grace M...
    ✨ Vibe detected: Standard
    🪝 Hook: None
    Analyzing episode: Breakfast...
      🔹 Episode Vibe: Standard
    Analyzing episode: Breakfast...
      🔹 Episode Vibe: Standard
  🤖 Analyzing: Mindful Music with Greta Bradman - ABC l...
    ✨ Vibe detected: Standard
    🪝 Hook: None
    Analyzing episode: Restore resilience with Hildeg...
      🔹 Episode Vibe: ['Soothing, introspective, historically rich, psychologically grounded, restorative.']
    Analyzing episode: The subtle art of resilience...
      🔹 Episode Vibe: Standard
  🤖 Analyzing: Music Class with Ed Le Brocq and Genevie...
    ✨ Vibe detected: Standard
    🪝 Hook: None
    Analyzing episode: Love it or leave it: Mussorgsk...
      🔹 Episode Vibe: Standard
    Analyzing episode: The music of Kubrick...
      🔹 Episode Vibe: Standard
  🤖 Analyzing: The Music Show with Andrew Ford - ABC li...
    ✨ Vibe detected: Standard
    🪝 Hook: None
    Analyzing episode: Hitchock and Herrmann: the thr...
    ❌ Critical failure while processing The Music Show with Andrew Ford - ABC li: name 'Location' is not defined
  🤖 Analyzing: National Afternoons - ABC listen...
    ✨ Vibe detected: Standard
    🪝 Hook: None
    Analyzing episode: Good Friday...
      🔹 Episode Vibe: Standard
    Analyzing episode: Summer...
      🔹 Episode Vibe: ['Relaxed, summery, engaging, and local/community-focused.']
  🤖 Analyzing: National Drive - ABC listen...
    ✨ Vibe detected: Standard
    🪝 Hook: None
    Analyzing episode: Good Friday...
      🔹 Episode Vibe: Standard
    Analyzing episode: Christmas Day...
      🔹 Episode Vibe: Standard
  🤖 Analyzing: National Evenings - ABC listen...
    ✨ Vibe detected: Standard
    🪝 Hook: None
    Analyzing episode: Summer...
    ❌ Critical failure while processing National Evenings - ABC listen: name 'Location' is not defined
  🤖 Analyzing: National Mornings - ABC listen...
    ✨ Vibe detected: Standard
    🪝 Hook: None
    Analyzing episode: Good Friday...
      🔹 Episode Vibe: Standard
    Analyzing episode: Summer...
      🔹 Episode Vibe: Standard
  🤖 Analyzing: National News - ABC listen...
    ✨ Vibe detected: ['Informational']
    🪝 Hook: Updated throughout the day, every day.
    Analyzing episode: National News...
      🔹 Episode Vibe: ['Informational']
  🤖 Analyzing: Newcastle Breakfast with Paul Culliver -...
    ✨ Vibe detected: ['Informational']
    🪝 Hook: Newcastle Breakfast brings you the latest news, sport, weather, traffic and more.
    Analyzing episode: Breakfast...
      🔹 Episode Vibe: Standard
    Analyzing episode: Breakfast...
      🔹 Episode Vibe: Standard
  🤖 Analyzing: Newcastle Drive with Jenny Marchant - AB...
    ✨ Vibe detected: ['Informational']
    🪝 Hook: Drive home with all the news, conversation and information you need each weekday.
    Analyzing episode: Drive...
      🔹 Episode Vibe: Standard
    Analyzing episode: Drive...
      🔹 Episode Vibe: Standard
  🤖 Analyzing: NSW Mornings with Paul Turton - ABC list...
    ✨ Vibe detected: Standard
    🪝 Hook: None
    Analyzing episode: Mornings...
      🔹 Episode Vibe: ['Conversational, community-focused, diverse (ranging from serious to silly and inspiring).']
    Analyzing episode: Mornings...
      🔹 Episode Vibe: Standard
  🤖 Analyzing: Newcastle Saturday Breakfast with Scott ...
    ✨ Vibe detected: ['Informational']
    🪝 Hook: We have all your sport, local events, news and gardening talkback.
    Analyzing episode: Saturday Breakfast...
      🔹 Episode Vibe: Standard
    Analyzing episode: Saturday Breakfast...
      🔹 Episode Vibe: Standard
  🤖 Analyzing: New England North West Breakfast with Kr...
    ✨ Vibe detected: Standard
    🪝 Hook: None
    Analyzing episode: Breakfast...
      🔹 Episode Vibe: ['Bright, energetic, comforting, and positive']
    Analyzing episode: Breakfast...
      🔹 Episode Vibe: ['Bright, energetic, comforting, and positive']
  🤖 Analyzing: New England North West Saturday Breakfas...
    ✨ Vibe detected: Standard
    🪝 Hook: None
    Analyzing episode: Saturday Breakfast...
      🔹 Episode Vibe: Standard
    Analyzing episode: Saturday Breakfast...
      🔹 Episode Vibe: Standard
  🤖 Analyzing: New England North West Saturday Sport wi...
    ✨ Vibe detected: Standard
    🪝 Hook: None
    Analyzing episode: Saturday Sport...
      🔹 Episode Vibe: Standard
    Analyzing episode: Saturday Sport...
      🔹 Episode Vibe: Standard
  🤖 Analyzing: ABC News Sport - ABC listen...
    ⚠️ Local Qwen failed/timed out. Falling back to Gemini for: ABC News Sport - ABC listen
       [ERR GEMINI] 'NoneType' object has no attribute 'aio'
    🔴 Major Signal Dropout: Could not analyze ABC News Sport - ABC listen
    Analyzing episode: ABC News...
      🔹 Episode Vibe: ['Informational']
  🤖 Analyzing: Night Music - ABC listen...
    ✨ Vibe detected: Standard
    🪝 Hook: None
    Analyzing episode: Hilda-thon! The music of Hilde...
      🔹 Episode Vibe: Standard
    Analyzing episode: Journey into the night with Ba...
      🔹 Episode Vibe: Standard
  🤖 Analyzing: Nightlife with Philip Clark and Suzanne ...
    ✨ Vibe detected: Standard
    🪝 Hook: None
    Analyzing episode: UK Correspondent, Victorian Hi...
      🔹 Episode Vibe: Standard
    Analyzing episode: Wills and estates, Mocha Tres ...
      🔹 Episode Vibe: ['Informative, analytical, and thought-provoking, with a focus on legal and ethical policy debates.']
  🤖 Analyzing: Nocturnal Worlds - ABC listen...
    ✨ Vibe detected: ['Sophisticated']
    🪝 Hook: Live performances and classical masterpieces from Nocturnal Worlds - ABC listen.
    Analyzing episode: INTRODUCING — Nocturnal Worlds...
      🔹 Episode Vibe: Standard
    Analyzing episode: Blue Groper...
      🔹 Episode Vibe: Standard
  🤖 Analyzing: North and West and Eyre Peninsula Rural ...
    ✨ Vibe detected: ['Informational']
    🪝 Hook: The latest rural news from the North and West and Eyre Peninsula.
    Analyzing episode: North and West and Eyre Penins...
      🔹 Episode Vibe: Standard
    Analyzing episode: North and West and Eyre Penins...
      🔹 Episode Vibe: Standard
  🤖 Analyzing: Queensland Northern Drive with Adam Step...
    ✨ Vibe detected: ['Informational']
    🪝 Hook: Tune into Drive with Adam Stephen for the day's news, music and conversations.
    Analyzing episode: Drive...
      🔹 Episode Vibe: Standard
    Analyzing episode: Drive...
      🔹 Episode Vibe: Standard
  🤖 Analyzing: North West and Western Queensland Rural ...
    ✨ Vibe detected: Standard
    🪝 Hook: None
    Analyzing episode: North West and Western Queensl...
      🔹 Episode Vibe: Standard
    Analyzing episode: North West and Western Queensl...
      🔹 Episode Vibe: Standard
  🤖 Analyzing: North and West SA Breakfast with Tom Man...
    ✨ Vibe detected: Standard
    🪝 Hook: None
    Analyzing episode: Breakfast...
      🔹 Episode Vibe: Standard
    Analyzing episode: Breakfast...
      🔹 Episode Vibe: Standard
  🤖 Analyzing: North and West and Eyre Peninsula Saturd...
    ✨ Vibe detected: Standard
    🪝 Hook: None
    Analyzing episode: Saturday Breakfast...
      🔹 Episode Vibe: Standard
    Analyzing episode: Saturday Breakfast...
      🔹 Episode Vibe: Standard
  🤖 Analyzing: North Coast Breakfast with Bridie Tanner...
    ✨ Vibe detected: Standard
    🪝 Hook: None
    Analyzing episode: Breakfast...
      🔹 Episode Vibe: ['Informational']
    Analyzing episode: Breakfast...
      🔹 Episode Vibe: ['Informational']
  🤖 Analyzing: North Coast Saturday Breakfast with Ange...
    ✨ Vibe detected: Standard
    🪝 Hook: None
    Analyzing episode: Saturday Breakfast...
      🔹 Episode Vibe: Standard
    Analyzing episode: Saturday Breakfast...
      🔹 Episode Vibe: Standard
  🤖 Analyzing: Northern WA Rural Report with Jess Baker...
    ✨ Vibe detected: ['Informational']
    🪝 Hook: The latest rural news for the Kimberley, Gascoyne and Pilbara.
    Analyzing episode: Northern WA Rural Report...
      🔹 Episode Vibe: Standard
    Analyzing episode: Northern WA Rural Report...
    ❌ Critical failure while processing Northern WA Rural Report with Jess Baker: name 'Location' is not defined
  🤖 Analyzing: North Qld Breakfast with Michael Clarke ...
    ✨ Vibe detected: Standard
    🪝 Hook: None
    Analyzing episode: Breakfast...
    ❌ Critical failure while processing North Qld Breakfast with Michael Clarke : name 'Location' is not defined
  🤖 Analyzing: Qld Mornings with Susan Graham-Ryan - AB...
    ✨ Vibe detected: Standard
    🪝 Hook: None
    Analyzing episode: Mornings...
      🔹 Episode Vibe: Standard
    Analyzing episode: Mornings...
      🔹 Episode Vibe: Standard
  🤖 Analyzing: North Qld Saturday Breakfast with Jess N...
    ✨ Vibe detected: Standard
    🪝 Hook: None
    Analyzing episode: Saturday Breakfast...
      🔹 Episode Vibe: Standard
    Analyzing episode: Saturday Breakfast...
      🔹 Episode Vibe: ['Relaxed, upbeat, conversational, and anticipatory (of the weekend).']
  🤖 Analyzing: North Qld Saturday Grandstand with Grant...
    ✨ Vibe detected: Standard
    🪝 Hook: None
    Analyzing episode: North Qld Saturday Grandstand...
      🔹 Episode Vibe: Standard
    Analyzing episode: North Qld Saturday Grandstand...
      🔹 Episode Vibe: Standard
  🤖 Analyzing: Northern Tasmania Breakfast with Kim Nap...
    ✨ Vibe detected: Standard
    🪝 Hook: None
    Analyzing episode: Breakfast...
      🔹 Episode Vibe: Standard
    Analyzing episode: Breakfast...
      🔹 Episode Vibe: Standard
  🤖 Analyzing: Northern Tasmania Drive with André Lesli...
    ✨ Vibe detected: ['Informational']
    🪝 Hook: Get the latest news, information and entertainment from across the region.
    Analyzing episode: Drive...
      🔹 Episode Vibe: Standard
    Analyzing episode: Drive...
      🔹 Episode Vibe: Standard
  🤖 Analyzing: North West Breakfast with Zara Margolis ...
    ✨ Vibe detected: Standard
    🪝 Hook: None
    Analyzing episode: Breakfast...
      🔹 Episode Vibe: ['Upbeat, informative, local, and positive.']
    Analyzing episode: Breakfast...
    ❌ Critical failure while processing North West Breakfast with Zara Margolis : name 'Location' is not defined
  🤖 Analyzing: North West Saturday Breakfast with Heath...
    ✨ Vibe detected: ['Informational']
    🪝 Hook: Ease into the weekend as we bring you music, news, sport and information.
    Analyzing episode: Saturday Breakfast...
      🔹 Episode Vibe: Standard
    Analyzing episode: Saturday Breakfast...
      🔹 Episode Vibe: Standard
  🤖 Analyzing: NRL Monday with Andrew Moore with Andrew...
    ✨ Vibe detected: ['Energetic']
    🪝 Hook: Deep-dive sports analysis and results with NRL Monday with Andrew Moore with Andrew Moore - ABC listen.
    Analyzing episode: NRL Monday with Andrew Moore...
      🔹 Episode Vibe: Standard
    Analyzing episode: NRL Monday with Andrew Moore...
      🔹 Episode Vibe: Standard
  🤖 Analyzing: NSW Country Hour with Michael Condon - A...
    ✨ Vibe detected: Standard
    🪝 Hook: None
    Analyzing episode: NSW Country Hour...
      🔹 Episode Vibe: ['Informational']
    Analyzing episode: NSW Country Hour...
      🔹 Episode Vibe: ['Informational']
  🤖 Analyzing: NSW Drive with Jess McGuire - ABC listen...
    ✨ Vibe detected: Standard
    🪝 Hook: None
    Analyzing episode: Drive...
      🔹 Episode Vibe: Standard
    Analyzing episode: Drive...
      🔹 Episode Vibe: Standard
  🤖 Analyzing: NSW Saturday Mornings with Rae Johnston ...
    ✨ Vibe detected: Standard
    🪝 Hook: None
    Analyzing episode: Saturday Mornings...
    ❌ Critical failure while processing NSW Saturday Mornings with Rae Johnston : name 'Location' is not defined
  🤖 Analyzing: NT Country Hour with Matt Brann - ABC li...
    ✨ Vibe detected: Standard
    🪝 Hook: None
    Analyzing episode: NT Country Hour...
      🔹 Episode Vibe: Standard
    Analyzing episode: NT Country Hour...
      🔹 Episode Vibe: Standard
  🤖 Analyzing: Octonauts: The Dolphin Reef Rescue and O...
    ✨ Vibe detected: Standard
    🪝 Hook: None
  🤖 Analyzing: Odd Squadcast - ABC listen...
    ✨ Vibe detected: Standard
    🪝 Hook: None
  🤖 Analyzing: Opening Serve with Alex Page - ABC liste...
    ✨ Vibe detected: Standard
    🪝 Hook: None
    Analyzing episode: Opening Serve...
      🔹 Episode Vibe: Standard
    Analyzing episode: Opening Serve...
      🔹 Episode Vibe: Standard
  🤖 Analyzing: Overnights with Trevor Chappell and Ashw...
    ✨ Vibe detected: Standard
    🪝 Hook: None
    Analyzing episode: Overnights...
      🔹 Episode Vibe: Standard
    Analyzing episode: Overnights...
      🔹 Episode Vibe: Standard
  🤖 Analyzing: Passenger with Stéphanie Kabanyana Kanya...
    ✨ Vibe detected: Standard
    🪝 Hook: None
    Analyzing episode: How does sound change as you m...
    ❌ Critical failure while processing Passenger with Stéphanie Kabanyana Kanya: name 'Location' is not defined
  🤖 Analyzing: Peaceful Piano with Taj Aldeeb - ABC lis...
    ✨ Vibe detected: Standard
    🪝 Hook: None
    Analyzing episode: Peaceful Piano...
    ❌ Critical failure while processing Peaceful Piano with Taj Aldeeb - ABC lis: name 'Location' is not defined
  🤖 Analyzing: Perth Breakfast with Mark Gibson - ABC l...
    ✨ Vibe detected: Standard
    🪝 Hook: None
    Analyzing episode: Breakfast...
      🔹 Episode Vibe: Standard
    Analyzing episode: Breakfast...
      🔹 Episode Vibe: Standard
  🤖 Analyzing: Perth Drive with Oliver Peterson - ABC l...
    ✨ Vibe detected: Standard
    🪝 Hook: None
    Analyzing episode: Drive...
      🔹 Episode Vibe: Standard
    Analyzing episode: Drive...
      🔹 Episode Vibe: Standard
  🤖 Analyzing: WA Early Mornings with Ivo da Silva - AB...
    ✨ Vibe detected: Standard
    🪝 Hook: None
    Analyzing episode: Early Mornings...
      🔹 Episode Vibe: Standard
    Analyzing episode: Early Mornings...
      🔹 Episode Vibe: ['Energetic, engaging, and suitable for both early risers and late-night revelers, suggesting a mix of artistic performance and community gathering.']
  🤖 Analyzing: Early Saturday Morning with Hilary Smale...
    ✨ Vibe detected: Standard
    🪝 Hook: None
    Analyzing episode: Early Saturday Morning...
      🔹 Episode Vibe: ['Energetic, relaxed, anticipatory, conversational (suggests a casual, upbeat tone suitable for a weekend morning show).']
    Analyzing episode: Early Saturday Morning...
      🔹 Episode Vibe: ['Energetic, relaxed, weekend-focused, conversational.']
  🤖 Analyzing: WA Mornings with Nadia Mitsopoulos - ABC...
    ✨ Vibe detected: Standard
    🪝 Hook: None
    Analyzing episode: Mornings...
      🔹 Episode Vibe: Standard
    Analyzing episode: Mornings...
      🔹 Episode Vibe: Standard
  🤖 Analyzing: Perth Saturday Breakfast with Amber Cunn...
    ✨ Vibe detected: Standard
    🪝 Hook: None
    Analyzing episode: Saturday Breakfast...
      🔹 Episode Vibe: Standard
    Analyzing episode: Saturday Breakfast...
      🔹 Episode Vibe: Standard
  🤖 Analyzing: Sports Talk & Extra Time with Mitch Turn...
    ✨ Vibe detected: Standard
    🪝 Hook: None
    Analyzing episode: Extra Time...
      🔹 Episode Vibe: Standard
    Analyzing episode: Extra Time...
      🔹 Episode Vibe: ['Energetic, opinionated, conversational, authoritative (in the context of sports discussion).']
  🤖 Analyzing: Sunday Footy Forum with Clint Wheeldon -...
    ✨ Vibe detected: Standard
    🪝 Hook: None
    Analyzing episode: Sunday Footy Forum...
      🔹 Episode Vibe: Standard
    Analyzing episode: Sunday Footy Forum...
      🔹 Episode Vibe: Standard
  🤖 Analyzing: The Philosopher's Zone with David Rutled...
    ✨ Vibe detected: Standard
    🪝 Hook: None
    Analyzing episode: Kant and religion...
      🔹 Episode Vibe: Standard
    Analyzing episode: Speech acts and AI...
      🔹 Episode Vibe: ['Academic, Analytical, Future-focused, Practical/Workplace-relevant']
  🤖 Analyzing: Pilbara Breakfast with Kelly Gudgeon - A...
    ✨ Vibe detected: Standard
    🪝 Hook: None
    Analyzing episode: Breakfast...
      🔹 Episode Vibe: Standard
    Analyzing episode: Breakfast...
      🔹 Episode Vibe: Standard
  🤖 Analyzing: PM with Samantha Donovan - ABC listen...
    ✨ Vibe detected: Standard
    🪝 Hook: None
    Analyzing episode: Geelong oil refinery fire thre...
    ❌ Critical failure while processing PM with Samantha Donovan - ABC listen: name 'Location' is not defined
  🤖 Analyzing: Queensland Country Hour with Kallee Buch...
    ✨ Vibe detected: Standard
    🪝 Hook: None
    Analyzing episode: Queensland Country Hour...
      🔹 Episode Vibe: Standard
    Analyzing episode: Queensland Country Hour...
      🔹 Episode Vibe: Standard
  🤖 Analyzing: Qld Gardening Talkback with Susan Graham...
    ✨ Vibe detected: Standard
    🪝 Hook: None
    Analyzing episode: Gardening Talkback...
      🔹 Episode Vibe: Standard
    Analyzing episode: Gardening Talkback...
      🔹 Episode Vibe: ['Informative, helpful, and encouraging; focused on practical gardening solutions and plant care.']
  🤖 Analyzing: Quick Smart with Siobhan Marin - ABC lis...
    ✨ Vibe detected: Standard
    🪝 Hook: None
    Analyzing episode: When did all our clothes becom...
      🔹 Episode Vibe: Standard
    Analyzing episode: Non-alcoholic drinks are wildl...
      🔹 Episode Vibe: Standard
  🤖 Analyzing: Radio National Breakfast with Sally Sara...
    ✨ Vibe detected: Standard
    🪝 Hook: None
    Analyzing episode: Breakfast Wrap: Trump 'not hap...
      🔹 Episode Vibe: Standard
    Analyzing episode: Breakfast Wrap: Refinery fire ...
    ❌ Critical failure while processing Radio National Breakfast with Sally Sara: name 'Location' is not defined
  🤖 Analyzing: Ransom Man - ABC listen...
    ✨ Vibe detected: Standard
    🪝 Hook: None
  🤖 Analyzing: Rear Vision with Antony Funnell and Ros ...
    ✨ Vibe detected: Standard
    🪝 Hook: None
    Analyzing episode: Ending conflict — the art of n...
      🔹 Episode Vibe: Standard
    Analyzing episode: Australia’s energy security an...
      🔹 Episode Vibe: Standard
  🤖 Analyzing: Regional Victoria Saturday Breakfast wit...
    ✨ Vibe detected: ['Informational']
    🪝 Hook: The perfect start to the weekend with weather, news and interviews.
    Analyzing episode: Saturday Breakfast...
      🔹 Episode Vibe: ['Informational']
    Analyzing episode: Saturday Breakfast...
      🔹 Episode Vibe: ['Informational']
  🤖 Analyzing: Regional Victoria Saturday Mornings with...
    ✨ Vibe detected: Standard
    🪝 Hook: None
    Analyzing episode: Saturday Mornings...
      🔹 Episode Vibe: ['Upbeat, energetic, celebratory, and informative. It aims to capture the excitement and anticipation of the weekend.']
    Analyzing episode: Saturday Mornings...
      🔹 Episode Vibe: Standard
  🤖 Analyzing: The Religion and Ethics Report with Andr...
    ✨ Vibe detected: Standard
    🪝 Hook: None
    Analyzing episode: The rift between Pope Leo and ...
    ❌ Critical failure while processing The Religion and Ethics Report with Andr: name 'Location' is not defined
  🤖 Analyzing: Riverina Breakfast with Sally Bryant - A...
    ✨ Vibe detected: ['Informational']
    🪝 Hook: Have your breakfast with Sally Bryant. News, weather and local stories.
    Analyzing episode: Breakfast...
      🔹 Episode Vibe: ['Informational']
    Analyzing episode: Breakfast...
      🔹 Episode Vibe: ['Informational']
  🤖 Analyzing: Riverina Grandstand with Warwick Pethybr...
    ✨ Vibe detected: ['Informational']
    🪝 Hook: Join Warwick Pethybridge for local sports news on ABC Riverina Grandstand.
    Analyzing episode: Riverina Grandstand...
      🔹 Episode Vibe: ['Informational']
    Analyzing episode: Riverina Grandstand...
      🔹 Episode Vibe: ['Informational']
  🤖 Analyzing: Riverina Saturday Breakfast with Grant L...
    ✨ Vibe detected: Standard
    🪝 Hook: None
    Analyzing episode: Saturday Breakfast...
      🔹 Episode Vibe: Standard
    Analyzing episode: Saturday Breakfast...
      🔹 Episode Vibe: Standard
  🤖 Analyzing: Riverland and South East SA Rural Report...
    ✨ Vibe detected: ['Informational']
    🪝 Hook: The latest rural news and information for the Riverland and South East SA.
    Analyzing episode: Riverland and South East SA Ru...
      🔹 Episode Vibe: ['Informational']
    Analyzing episode: Riverland and South East SA Ru...
      🔹 Episode Vibe: ['Informational']
  🤖 Analyzing: Riverland Breakfast with Matt Stephens -...
    ✨ Vibe detected: Standard
    🪝 Hook: None
    Analyzing episode: Breakfast...
      🔹 Episode Vibe: ['Informational']
    Analyzing episode: Breakfast...
      🔹 Episode Vibe: ['Informational']
  🤖 Analyzing: Riverland Saturday Breakfast with Julie ...
    ✨ Vibe detected: Standard
    🪝 Hook: None
    Analyzing episode: Saturday Breakfast...
      🔹 Episode Vibe: ['Informational']
    Analyzing episode: Saturday Breakfast...
      🔹 Episode Vibe: ['Informational']
  🤖 Analyzing: Radio National Presents - ABC listen...
    ❌ Critical failure while processing Radio National Presents - ABC listen: name 'Location' is not defined
  🤖 Analyzing: Roots and Shoots with Amber Cunningham a...
    ✨ Vibe detected: Standard
    🪝 Hook: None
    Analyzing episode: The joy of snottygobble succes...
      🔹 Episode Vibe: Standard
    Analyzing episode: 101 fun things to do with a br...
    ❌ Critical failure while processing Roots and Shoots with Amber Cunningham a: name 'Location' is not defined
  🤖 Analyzing: SA Country Hour with Cassandra Hough and...
    ✨ Vibe detected: ['Informational']
    🪝 Hook: The latest rural news and events from South Australia and the nation.
    Analyzing episode: South Australian Country Hour...
    ❌ Critical failure while processing SA Country Hour with Cassandra Hough and: name 'Location' is not defined
  🤖 Analyzing: SA Regional Drive with Narelle Graham - ...
    ✨ Vibe detected: Standard
    🪝 Hook: None
    Analyzing episode: Drive...
      🔹 Episode Vibe: Standard
    Analyzing episode: Drive...
      🔹 Episode Vibe: Standard
  🤖 Analyzing: SA Grandstand with Aaron Bryans - ABC li...
    ✨ Vibe detected: Standard
    🪝 Hook: None
    Analyzing episode: SA Grandstand...
      🔹 Episode Vibe: Standard
    Analyzing episode: SA Grandstand...
      🔹 Episode Vibe: Standard
  🤖 Analyzing: Saturday Night at the Opera with Mairi N...
    ❌ Critical failure while processing Saturday Night at the Opera with Mairi N: name 'Location' is not defined
  🤖 Analyzing: Saturday Extra with Nick Bryant - ABC li...
    ✨ Vibe detected: Standard
    🪝 Hook: None
    Analyzing episode: Iran-US peace talks face steep...
    ❌ Critical failure while processing Saturday Extra with Nick Bryant - ABC li: name 'Location' is not defined
  🤖 Analyzing: Saturday Night Country with Melody Moko ...
    ✨ Vibe detected: Standard
    🪝 Hook: None
    Analyzing episode: The ghosts and reflections in ...
      🔹 Episode Vibe: Standard
    Analyzing episode: The enigmatic Cat Clyde shares...
      🔹 Episode Vibe: Standard
  🤖 Analyzing: The Science Show with Robyn Williams and...
    ✨ Vibe detected: ['Energetic']
    🪝 Hook: Deep-dive sports analysis and results with The Science Show with Robyn Williams and Belinda Smith - ABC listen.
    Analyzing episode: Lab Notes: Is measles back?...
      🔹 Episode Vibe: Standard
    Analyzing episode: Australia says no to European ...
      🔹 Episode Vibe: Standard
  🤖 Analyzing: Screen Sounds with Dan Golding - ABC lis...
    ✨ Vibe detected: Standard
    🪝 Hook: None
    Analyzing episode: New Release Soundtracks: The M...
      🔹 Episode Vibe: Standard
    Analyzing episode: Weekend in Nature: Oceans on S...
      🔹 Episode Vibe: Standard
  🤖 Analyzing: Shepparton Breakfast with Jo Printz - AB...
    ⚠️ Local Qwen failed/timed out. Falling back to Gemini for: Shepparton Breakfast with Jo P
       [ERR GEMINI] 'NoneType' object has no attribute 'aio'
    🔴 Major Signal Dropout: Could not analyze Shepparton Breakfast with Jo P
    Analyzing episode: Breakfast...
      🔹 Episode Vibe: ['Informative, local news, conversational, engaging, routine.']
    Analyzing episode: Breakfast...
    ❌ Critical failure while processing Shepparton Breakfast with Jo Printz - AB: name 'Location' is not defined
  🤖 Analyzing: Short Fast Loud with Josh Merriel - ABC ...
    ❌ Critical failure while processing Short Fast Loud with Josh Merriel - ABC : name 'Location' is not defined
  🤖 Analyzing: Short & Curly with Carl Smith and Molly ...
    ✨ Vibe detected: Standard
    🪝 Hook: None
    Analyzing episode: INTRODUCING Wait... They Did W...
      🔹 Episode Vibe: Standard
    Analyzing episode: A fairy tale by the campfire –...
      🔹 Episode Vibe: Standard
  🤖 Analyzing: Sky High with Hau Latukefu - ABC listen...
    ✨ Vibe detected: Standard
    🪝 Hook: None
    Analyzing episode: Sky High...
      🔹 Episode Vibe: ['Energetic, rhythmic, and diverse, suggesting a party or performance atmosphere focused on danceable music.']
    Analyzing episode: Get sky high with cuts from Gl...
      🔹 Episode Vibe: Standard
  🤖 Analyzing: Someone Knows Something - ABC listen...
    ❌ Critical failure while processing Someone Knows Something - ABC listen: name 'Location' is not defined
  🤖 Analyzing: Soul Search with Dr Meredith Lake - ABC ...
    ✨ Vibe detected: Standard
    🪝 Hook: None
    Analyzing episode: Active body, active soul — enc...
      🔹 Episode Vibe: Standard
    Analyzing episode: What’s new about death in the ...
      🔹 Episode Vibe: Standard
  🤖 Analyzing: South East, Riverina, Central West and W...
    ❌ Critical failure while processing South East, Riverina, Central West and W: name 'Location' is not defined
  🤖 Analyzing: Queensland Southern Drive - ABC listen...
    ✨ Vibe detected: ['Informational']
    🪝 Hook: Join us for a lively mix of local news, sport, finance, traffic and weather
    Analyzing episode: Drive...
      🔹 Episode Vibe: Standard
    Analyzing episode: Drive...
      🔹 Episode Vibe: Standard
  🤖 Analyzing: South East NSW Breakfast with Eddie Will...
    ✨ Vibe detected: Standard
    🪝 Hook: None
    Analyzing episode: Breakfast...
      🔹 Episode Vibe: ['Community, Engaging, Informative, Lively']
    Analyzing episode: Breakfast...
      🔹 Episode Vibe: Standard
  🤖 Analyzing: South East NSW Saturday Breakfast with A...
    ✨ Vibe detected: Standard
    🪝 Hook: None
    Analyzing episode: Saturday Breakfast...
      🔹 Episode Vibe: Standard
    Analyzing episode: Saturday Breakfast...
      🔹 Episode Vibe: Standard
  🤖 Analyzing: South East SA Breakfast with Becc Bird a...
    ✨ Vibe detected: ['Informational']
    🪝 Hook: Wake up to a complete mix of news, information, weather, music and entertainment.
    Analyzing episode: Breakfast...
      🔹 Episode Vibe: Standard
    Analyzing episode: Breakfast...
      🔹 Episode Vibe: Standard
  🤖 Analyzing: South East SA Weekends with Rod Sparks -...
    ✨ Vibe detected: Standard
    🪝 Hook: None
    Analyzing episode: Weekends...
      🔹 Episode Vibe: ['Energetic, upbeat, celebratory, and focused on starting the weekend right.']
    Analyzing episode: Weekends...
      🔹 Episode Vibe: Standard
  🤖 Analyzing: Southern Queensland and Capricornia Rura...
    ✨ Vibe detected: ['Informational']
    🪝 Hook: Catch up with the latest rural news from Southern Queensland and Capricornia.
    Analyzing episode: Southern Queensland and Capric...
      🔹 Episode Vibe: Standard
    Analyzing episode: Southern Queensland and Capric...
      🔹 Episode Vibe: Standard
  🤖 Analyzing: Southern Qld Breakfast with David Iliffe...
    ✨ Vibe detected: Standard
    🪝 Hook: None
    Analyzing episode: Breakfast...
      🔹 Episode Vibe: ['Informative, healthy, and encouraging.']
    Analyzing episode: Breakfast...
    ❌ Critical failure while processing Southern Qld Breakfast with David Iliffe: name 'Location' is not defined
  🤖 Analyzing: Southern Qld Mornings with Kemii Maguire...
    ⚠️ Local Qwen failed/timed out. Falling back to Gemini for: Southern Qld Mornings with Kem
       [ERR GEMINI] 'NoneType' object has no attribute 'aio'
    🔴 Major Signal Dropout: Could not analyze Southern Qld Mornings with Kem
    Analyzing episode: Mornings...
      🔹 Episode Vibe: Standard
    Analyzing episode: Mornings...
      🔹 Episode Vibe: Standard
  🤖 Analyzing: Southern Qld Saturday Breakfast with Dan...
    ✨ Vibe detected: Standard
    🪝 Hook: None
    Analyzing episode: Saturday Breakfast...
      🔹 Episode Vibe: Standard
    Analyzing episode: Saturday Breakfast...
      🔹 Episode Vibe: ['Upbeat, relaxed, and aspirational; focused on self-care, leisure, and enjoying the weekend.']
  🤖 Analyzing: South West Victoria Breakfast with Jerem...
    ✨ Vibe detected: Standard
    🪝 Hook: None
    Analyzing episode: Breakfast...
      🔹 Episode Vibe: Standard
    Analyzing episode: Breakfast...
      🔹 Episode Vibe: Standard
  🤖 Analyzing: South West WA Breakfast with Stan Shaw -...
    ✨ Vibe detected: Standard
    🪝 Hook: None
    Analyzing episode: Breakfast...
      🔹 Episode Vibe: Standard
    Analyzing episode: Breakfast...
      🔹 Episode Vibe: Standard
  🤖 Analyzing: South West WA Mornings with Chela Willia...
    ❌ Critical failure while processing South West WA Mornings with Chela Willia: name 'Location' is not defined
  🤖 Analyzing: Great Southern and South West Rural Repo...
    ✨ Vibe detected: ['Informational']
    🪝 Hook: Catch up with the latest rural news.
    Analyzing episode: Great Southern and South West ...
      🔹 Episode Vibe: Standard
    Analyzing episode: Great Southern and South West ...
      🔹 Episode Vibe: Standard
  🤖 Analyzing: South West Saturday Breakfast with Jacqu...
    ✨ Vibe detected: Standard
    🪝 Hook: None
    Analyzing episode: Saturday Breakfast...
      🔹 Episode Vibe: Standard
    Analyzing episode: Saturday Breakfast...
      🔹 Episode Vibe: Standard
  🤖 Analyzing: Speaking Out with Larissa Behrendt - ABC...
    ✨ Vibe detected: Standard
    🪝 Hook: None
    Analyzing episode: Reforming mainstream perceptio...
    ❌ Critical failure while processing Speaking Out with Larissa Behrendt - ABC: name 'GuestProfile' is not defined
  🤖 Analyzing: ABC Radio Specials - ABC listen...
    ✨ Vibe detected: Standard
    🪝 Hook: None
    Analyzing episode: James Valentine explains how h...
      🔹 Episode Vibe: Standard
  🤖 Analyzing: Special Features - ABC listen...
    ✨ Vibe detected: ['Sophisticated']
    🪝 Hook: Live performances and classical masterpieces from Special Features - ABC listen.
    Analyzing episode: ABC Classic Live: Anna Lapwood...
      🔹 Episode Vibe: Standard
  🤖 Analyzing: Sport Hunter with Niav Owens - ABC liste...
    ✨ Vibe detected: Standard
    🪝 Hook: None
    Analyzing episode: Sport Hunter...
      🔹 Episode Vibe: Standard
    Analyzing episode: Sport Hunter...
      🔹 Episode Vibe: Standard
  🤖 Analyzing: Stalked - ABC listen...
    ✨ Vibe detected: Standard
    🪝 Hook: None
  🤖 Analyzing: Stop Everything with Beverley Wang and H...
    ✨ Vibe detected: Standard
    🪝 Hook: None
    Analyzing episode: Love you, bye...
      🔹 Episode Vibe: Standard
    Analyzing episode: Stop Everything! We have an an...
      🔹 Episode Vibe: Standard
  🤖 Analyzing: Story Stream - ABC listen...
    ✨ Vibe detected: Standard
    🪝 Hook: None
    Analyzing episode: 92-year-old steps out on a win...
      🔹 Episode Vibe: Standard
    Analyzing episode: Australia's smallest town for ...
      🔹 Episode Vibe: Standard
  🤖 Analyzing: Stuff The British Stole with Marc Fennel...
    ❌ Critical failure while processing Stuff The British Stole with Marc Fennel: name 'Location' is not defined
  🤖 Analyzing: Sunday Baroque with Alice Keath - ABC li...
    ✨ Vibe detected: Standard
    🪝 Hook: None
    Analyzing episode: Sunday Baroque...
      🔹 Episode Vibe: Standard
    Analyzing episode: Sunday Baroque...
      🔹 Episode Vibe: Standard
  🤖 Analyzing: Sunday Extra with Julian Morrow - ABC li...
    ✨ Vibe detected: Standard
    🪝 Hook: None
    Analyzing episode: Sunday Extra 12 April 2026...
      🔹 Episode Vibe: Standard
    Analyzing episode: Sunday Extra 5 April 2026...
      🔹 Episode Vibe: Standard
  🤖 Analyzing: Sunshine Coast Breakfast with Tim Wong-S...
    ✨ Vibe detected: Standard
    🪝 Hook: None
    Analyzing episode: Breakfast...
      🔹 Episode Vibe: Standard
    Analyzing episode: Breakfast...
      🔹 Episode Vibe: Standard
  🤖 Analyzing: Sunshine Coast Mornings with Sarah Howel...
    ✨ Vibe detected: Standard
    🪝 Hook: None
    Analyzing episode: Mornings...
      🔹 Episode Vibe: ['Informative, engaging, local, musical, relaxed.']
    Analyzing episode: Mornings...
      🔹 Episode Vibe: Standard
  🤖 Analyzing: Sunshine Coast Saturday Breakfast with S...
    ✨ Vibe detected: Standard
    🪝 Hook: None
    Analyzing episode: Saturday Breakfast...
      🔹 Episode Vibe: Standard
    Analyzing episode: Saturday Breakfast...
      🔹 Episode Vibe: Standard
  🤖 Analyzing: NSW Afternoons with James O'Loghlin - AB...
    ✨ Vibe detected: Standard
    🪝 Hook: None
    Analyzing episode: Afternoons...
      🔹 Episode Vibe: ['Uplifting, thoughtful, engaging, and positive.']
    Analyzing episode: Afternoons...
      🔹 Episode Vibe: Standard
  🤖 Analyzing: Sydney Breakfast with Craig Reucassel - ...
    ❌ Critical failure while processing Sydney Breakfast with Craig Reucassel - : name 'Location' is not defined
  🤖 Analyzing: Sydney Drive with Thomas Oriti - ABC lis...
    ✨ Vibe detected: Standard
    🪝 Hook: None
    Analyzing episode: Drive...
      🔹 Episode Vibe: ['Informative, engaging, and entertaining mix of serious discussion and humor.']
    Analyzing episode: Drive...
      🔹 Episode Vibe: Standard
  🤖 Analyzing: NSW & ACT Evenings with Renee Krosch - A...
    ✨ Vibe detected: Standard
    🪝 Hook: None
    Analyzing episode: Evenings...
      🔹 Episode Vibe: ['Engaging, lively, cultural, and entertaining, suggesting a mix of intellectual stimulation (quiz/interviews) and relaxed enjoyment (live music/stories).']
    Analyzing episode: Evenings...
      🔹 Episode Vibe: ['Engaging, lively, cultural, and intimate, suggesting a mix of intellectual stimulation (quiz/interviews) and entertainment (live music/stories).']
  🤖 Analyzing: Sydney Mornings with Hamish Macdonald - ...
    ✨ Vibe detected: Standard
    🪝 Hook: None
    Analyzing episode: Mornings...
      🔹 Episode Vibe: ['Uplifting, informative, engaging, and motivational.']
    Analyzing episode: Mornings...
      🔹 Episode Vibe: Standard
  🤖 Analyzing: Sydney Saturday Breakfast with Dom Knigh...
    ✨ Vibe detected: Standard
    🪝 Hook: None
    Analyzing episode: Saturday Breakfast...
      🔹 Episode Vibe: ['Relaxed, upbeat, celebratory, and informative']
    Analyzing episode: Saturday Breakfast...
      🔹 Episode Vibe: ['Relaxed, celebratory, informative, lifestyle-focused']
  🤖 Analyzing: NSW Weekend Mornings with Chris Bath - A...
    ❌ Critical failure while processing NSW Weekend Mornings with Chris Bath - A: name 'Location' is not defined
  🤖 Analyzing: Talkback Gardening with Deb Tribe and So...
    ✨ Vibe detected: Standard
    🪝 Hook: None
    Analyzing episode: SA's autumnal orchids in full ...
      🔹 Episode Vibe: Standard
    Analyzing episode: Take action in Autumn for a th...
      🔹 Episode Vibe: Standard
  🤖 Analyzing: Tasmanian Country Hour - ABC listen...
    ✨ Vibe detected: ['Informational']
    🪝 Hook: Join us for the latest rural news and events from Tasmania and the nation.
    Analyzing episode: Tasmanian Country Hour...
      🔹 Episode Vibe: ['Informational']
    Analyzing episode: Tasmanian Country Hour...
      🔹 Episode Vibe: Standard
  🤖 Analyzing: Territory Grandstand with Charlie King -...
    ✨ Vibe detected: Standard
    🪝 Hook: None
    Analyzing episode: NT Sport...
      🔹 Episode Vibe: ['Informational']
    Analyzing episode: NT Sport...
      🔹 Episode Vibe: ['Informational']
  🤖 Analyzing: Thank God It's Friday! with Charlie Pick...
    ✨ Vibe detected: Standard
    🪝 Hook: None
    Analyzing episode: TGIF with Felicity Ward, Kushi...
      🔹 Episode Vibe: Standard
    Analyzing episode: TGIF Thank god it's Good Frida...
      🔹 Episode Vibe: Standard
  🤖 Analyzing: The ABC Jazz Sessions - ABC listen...
    ✨ Vibe detected: ['Smooth']
    🪝 Hook: Soulful jazz and rhythmic exploration with The ABC Jazz Sessions - ABC listen.
    Analyzing episode: 'Quartet' Tessie Overmyer...
      🔹 Episode Vibe: Standard
    Analyzing episode: 'Women Of Jazz '26'...
      🔹 Episode Vibe: Standard
  🤖 Analyzing: The Art of the Piano with Andrea Lam - A...
    ✨ Vibe detected: Standard
    🪝 Hook: None
    Analyzing episode: The Art of the Piano: Richard ...
      🔹 Episode Vibe: Standard
    Analyzing episode: The Art of the Piano...
      🔹 Episode Vibe: Standard
  🤖 Analyzing: The Art Show with Micheal Do - ABC liste...
    ✨ Vibe detected: Standard
    🪝 Hook: None
    Analyzing episode: Hadley's Art Prize winner Soph...
      🔹 Episode Vibe: Standard
    Analyzing episode: Topher Campbell bares his body...
      🔹 Episode Vibe: Standard
  🤖 Analyzing: The Block Party with Hau Latukefu - ABC ...
    ❌ Critical failure while processing The Block Party with Hau Latukefu - ABC : name 'Location' is not defined
  🤖 Analyzing: The Book Show with Claire Nichols - ABC ...
    ✨ Vibe detected: Standard
    🪝 Hook: None
    Analyzing episode: K-Pop thrills and Vampire kill...
      🔹 Episode Vibe: Standard
    Analyzing episode: Yael van der Wouden on sex, hi...
      🔹 Episode Vibe: Standard
  🤖 Analyzing: The Bookshelf with Kate Evans and Cassie...
    ✨ Vibe detected: Standard
    🪝 Hook: None
    Analyzing episode: Steve Toltz: A Rising of the L...
      🔹 Episode Vibe: Standard
    Analyzing episode: The Bookshelf Festival Special...
      🔹 Episode Vibe: Standard
  🤖 Analyzing: The Dinner Mix - ABC listen...
    ✨ Vibe detected: Standard
    🪝 Hook: None
    Analyzing episode: The Dinner Mix: After Hours So...
      🔹 Episode Vibe: Standard
    Analyzing episode: The Dinner Mix: Bad//Dreems...
      🔹 Episode Vibe: Standard
  🤖 Analyzing: The Dinner Set with Kate Wadey - ABC lis...
    ✨ Vibe detected: ['Smooth']
    🪝 Hook: Soulful jazz and rhythmic exploration with The Dinner Set with Kate Wadey - ABC listen.
    Analyzing episode: Diggin' Bill Evans...
    ❌ Critical failure while processing The Dinner Set with Kate Wadey - ABC lis: name 'Location' is not defined
  🤖 Analyzing: The Economy, Stupid with Peter Martin - ...
    ✨ Vibe detected: Standard
    🪝 Hook: None
    Analyzing episode: Why we still can’t quit petrol...
      🔹 Episode Vibe: Standard
    Analyzing episode: What could be in the budget?...
      🔹 Episode Vibe: Standard
  🤖 Analyzing: The Grill with ​​Ben Ilobuchi, Izzy Wigh...
    ✨ Vibe detected: Standard
    🪝 Hook: None
    Analyzing episode: INTRODUCING: The Grill...
      🔹 Episode Vibe: Standard
    Analyzing episode: Grilloween 2025...
      🔹 Episode Vibe: Standard
  🤖 Analyzing: The Happy Hour - ABC listen...
    ✨ Vibe detected: ['Smooth']
    🪝 Hook: Soulful jazz and rhythmic exploration with The Happy Hour - ABC listen.
    Analyzing episode: The Happy Hour...
      🔹 Episode Vibe: Standard
    Analyzing episode: The Happy Hour...
      🔹 Episode Vibe: Standard
  🤖 Analyzing: Margaret Throsby Interviews with Margare...
    ❌ Critical failure while processing Margaret Throsby Interviews with Margare: name 'Location' is not defined
  🤖 Analyzing: The Opera Show with Mairi Nicolson - ABC...
    ✨ Vibe detected: Standard
    🪝 Hook: None
    Analyzing episode: Operatic queens...
      🔹 Episode Vibe: Standard
    Analyzing episode: Easter and the sounds of natur...
      🔹 Episode Vibe: Standard
  🤖 Analyzing: The Radio National Hour with Fran Kelly ...
    ✨ Vibe detected: Standard
    🪝 Hook: None
    Analyzing episode: Former fighter pilot Dan Dugga...
      🔹 Episode Vibe: Standard
    Analyzing episode: Gina Rinehart claims victory i...
    ❌ Critical failure while processing The Radio National Hour with Fran Kelly : name 'GuestProfile' is not defined
  🤖 Analyzing: The Screen Show with Jason Di Rosso - AB...
    ❌ Critical failure while processing The Screen Show with Jason Di Rosso - AB: name 'Location' is not defined
  🤖 Analyzing: The Stage Show with Michael Cathcart - A...
    ✨ Vibe detected: Standard
    🪝 Hook: None
    Analyzing episode: Best of The Stage Show...
      🔹 Episode Vibe: Standard
    Analyzing episode: Best of The Stage Show: Pamela...
      🔹 Episode Vibe: Standard
  🤖 Analyzing: The Big Fish with Scott Levi - ABC liste...
    ✨ Vibe detected: ['Informational']
    🪝 Hook: Weekly fishing news, events and tips from a NSW perspective.
    Analyzing episode: The Big Fish: Blue Nose Breedi...
      🔹 Episode Vibe: Standard
    Analyzing episode: The Big Fish: Smashin' The Jac...
      🔹 Episode Vibe: Standard
  🤖 Analyzing: The Conversation Hour with Mary Gearin -...
    ✨ Vibe detected: Standard
    🪝 Hook: None
    Analyzing episode: The Conversation Hour...
    ❌ Critical failure while processing The Conversation Hour with Mary Gearin -: name 'Location' is not defined
  🤖 Analyzing: The Friday Revue with Jacinta Parsons an...
    ✨ Vibe detected: Standard
    🪝 Hook: None
    Analyzing episode: The Friday Revue...
      🔹 Episode Vibe: Standard
    Analyzing episode: The Friday Revue...
      🔹 Episode Vibe: Standard
  🤖 Analyzing: The Minefield with Waleed Aly and Scott ...
    ✨ Vibe detected: Standard
    🪝 Hook: None
    Analyzing episode: The price of sovereignty: Are ...
      🔹 Episode Vibe: ['Academic, geopolitical, historical, and analytical.']
    Analyzing episode: Social cohesion is straining —...
      🔹 Episode Vibe: Standard
  🤖 Analyzing: This Working Life with Lisa Leong - ABC ...
    ❌ Critical failure while processing This Working Life with Lisa Leong - ABC : name 'Location' is not defined
  🤖 Analyzing: Top 100 Books - ABC listen...
    ❌ Critical failure while processing Top 100 Books - ABC listen: name 'Location' is not defined
  🤖 Analyzing: Tower of Song with Henry Wagons - ABC li...
    ✨ Vibe detected: Standard
    🪝 Hook: None
    Analyzing episode: William Crighton is rocking th...
      🔹 Episode Vibe: Standard
    Analyzing episode: William Crighton breaks down ‘...
      🔹 Episode Vibe: Standard
  🤖 Analyzing: triple j Unearthed Podcast - triple j Un...
    ❌ Critical failure while processing triple j Unearthed Podcast - triple j Un: name 'Location' is not defined
  🤖 Analyzing: Tropical North Breakfast with Rob Kidd -...
    ⚠️ Local Qwen failed/timed out. Falling back to Gemini for: Tropical North Breakfast with 
       [ERR GEMINI] 'NoneType' object has no attribute 'aio'
    🔴 Major Signal Dropout: Could not analyze Tropical North Breakfast with 
    Analyzing episode: Breakfast...
      🔹 Episode Vibe: ['Informative, upbeat, local, community-focused.']
    Analyzing episode: Breakfast...
      🔹 Episode Vibe: ['Upbeat, informative, local, community-focused, morning routine.']
  🤖 Analyzing: Tropical North Saturday Breakfast with D...
    ✨ Vibe detected: Standard
    🪝 Hook: None
    Analyzing episode: Saturday Breakfast...
      🔹 Episode Vibe: Standard
    Analyzing episode: Saturday Breakfast...
      🔹 Episode Vibe: ['Informative, local, community-focused, relaxed (weekend morning feel).']
  🤖 Analyzing: Tropical North and Wide Bay Rural Report...
    ✨ Vibe detected: ['Informational']
    🪝 Hook: The latest rural news for the Tropical North and Wide Bay regions.
    Analyzing episode: Tropical North and Wide Bay Ru...
      🔹 Episode Vibe: Standard
    Analyzing episode: Tropical North and Wide Bay Ru...
      🔹 Episode Vibe: Standard
  🤖 Analyzing: Unravel - ABC listen...
    ✨ Vibe detected: Standard
    🪝 Hook: None
    Analyzing episode: 08 Blood On The Tracks | Final...
      🔹 Episode Vibe: Standard
    Analyzing episode: 07 Blood On The Tracks | Face ...
      🔹 Episode Vibe: Standard
  🤖 Analyzing: Uncanny - ABC listen...
    ✨ Vibe detected: Standard
    🪝 Hook: None
  🤖 Analyzing: Uncover: Sea of Lies - ABC listen...
    ✨ Vibe detected: Standard
    🪝 Hook: None
    Analyzing episode: Episode One: Luck or Something...
      🔹 Episode Vibe: Standard
    Analyzing episode: Episode Two: When Ron Met Ron...
      🔹 Episode Vibe: Standard
  🤖 Analyzing: Unwind with Greta Bradman - ABC listen...
    ✨ Vibe detected: Standard
    🪝 Hook: None
    Analyzing episode: Unwind...
    ❌ Critical failure while processing Unwind with Greta Bradman - ABC listen: name 'GuestProfile' is not defined
  🤖 Analyzing: Upper Hunter, New England and North West...
    ✨ Vibe detected: ['Informational']
    🪝 Hook: Join us for the latest local rural news and information.
    Analyzing episode: Upper Hunter, New England and ...
    ❌ Critical failure while processing Upper Hunter, New England and North West: name 'Location' is not defined
  🤖 Analyzing: Upper Hunter Breakfast with Sean Murphy ...
    ✨ Vibe detected: ['Informational']
    🪝 Hook: Amelia Bernasconi keeps you up to date with local news and events over breakfast.
    Analyzing episode: Breakfast...
      🔹 Episode Vibe: Standard
    Analyzing episode: Breakfast...
      🔹 Episode Vibe: Standard
  🤖 Analyzing: Victorian Country Hour with Warwick Long...
    ✨ Vibe detected: Standard
    🪝 Hook: None
    Analyzing episode: Victorian Country Hour...
      🔹 Episode Vibe: Standard
    Analyzing episode: Victorian Country Hour...
      🔹 Episode Vibe: Standard
  🤖 Analyzing: Victorian Statewide Drive with Prue Bent...
    ✨ Vibe detected: Standard
    🪝 Hook: None
    Analyzing episode: Drive...
      🔹 Episode Vibe: Standard
    Analyzing episode: Drive...
      🔹 Episode Vibe: Standard
  🤖 Analyzing: Victorian Statewide Mornings with Nic He...
    ✨ Vibe detected: Standard
    🪝 Hook: None
    Analyzing episode: Mornings...
      🔹 Episode Vibe: Standard
    Analyzing episode: Mornings...
      🔹 Episode Vibe: Standard
  🤖 Analyzing: WA Afternoons with Jo Trilling - ABC lis...
    ✨ Vibe detected: Standard
    🪝 Hook: None
    Analyzing episode: Afternoons...
      🔹 Episode Vibe: Standard
    Analyzing episode: Afternoons...
    ❌ Critical failure while processing WA Afternoons with Jo Trilling - ABC lis: name 'Location' is not defined
  🤖 Analyzing: WA Country Hour with Belinda Varischetti...
    ✨ Vibe detected: Standard
    🪝 Hook: None
    Analyzing episode: Western Australia Country Hour...
    ❌ Critical failure while processing WA Country Hour with Belinda Varischetti: name 'Location' is not defined
  🤖 Analyzing: WA Statewide Drive with Andrew Collins -...
    ✨ Vibe detected: Standard
    🪝 Hook: None
    Analyzing episode: Drive...
      🔹 Episode Vibe: Standard
    Analyzing episode: Drive...
      🔹 Episode Vibe: Standard
  🤖 Analyzing: WA Regional Breakfast with Stan Shaw - A...
    ✨ Vibe detected: Standard
    🪝 Hook: None
    Analyzing episode: Regional Breakfast...
      🔹 Episode Vibe: ['Informative, local, community-focused, upbeat, and authoritative.']
    Analyzing episode: Regional Breakfast...
      🔹 Episode Vibe: Standard
  🤖 Analyzing: WA Regional Mornings with Peter Barr - A...
    ✨ Vibe detected: Standard
    🪝 Hook: None
    Analyzing episode: Mornings...
      🔹 Episode Vibe: Standard
    Analyzing episode: Mornings...
      🔹 Episode Vibe: Standard
  🤖 Analyzing: Wait... They Did What!? with Tilly Oddy-...
    ❌ Critical failure while processing Wait... They Did What!? with Tilly Oddy-: name 'Location' is not defined
  🤖 Analyzing: Weekend Evenings with Sirine Demachkie a...
    ✨ Vibe detected: Standard
    🪝 Hook: None
    Analyzing episode: Weekend Evenings...
      🔹 Episode Vibe: Standard
    Analyzing episode: Weekend Evenings...
      🔹 Episode Vibe: Standard
  🤖 Analyzing: Weekends with Andrea Gibbs and Mikaela S...
    ✨ Vibe detected: Standard
    🪝 Hook: None
    Analyzing episode: Weekends...
      🔹 Episode Vibe: Standard
    Analyzing episode: Weekends...
      🔹 Episode Vibe: Standard
  🤖 Analyzing: SA Weekends with Deb Tribe - ABC listen...
    ✨ Vibe detected: Standard
    🪝 Hook: None
    Analyzing episode: Weekends...
      🔹 Episode Vibe: Standard
    Analyzing episode: Weekends...
      🔹 Episode Vibe: ['Casual, celebratory, lifestyle-focused, and engaging.']
  🤖 Analyzing: Western Victoria, Mildura Swan Hill and ...
    ✨ Vibe detected: Standard
    🪝 Hook: None
    Analyzing episode: Western Vic, Mildura Swan Hill...
      🔹 Episode Vibe: Standard
    Analyzing episode: Western Vic, Mildura Swan Hill...
      🔹 Episode Vibe: Standard
  🤖 Analyzing: Western Plains Breakfast with Kim Goldsm...
    ✨ Vibe detected: Standard
    🪝 Hook: None
    Analyzing episode: Breakfast...
    ❌ Critical failure while processing Western Plains Breakfast with Kim Goldsm: name 'Location' is not defined
  🤖 Analyzing: Central West Saturday Gardening with Reg...
    ✨ Vibe detected: Standard
    🪝 Hook: None
    Analyzing episode: Saturday Gardening...
      🔹 Episode Vibe: ['Community, casual, local, conversational, warm, relaxed.']
    Analyzing episode: Saturday Gardening...
      🔹 Episode Vibe: Standard
  🤖 Analyzing: Central West Saturday Sport with Geoff M...
    ✨ Vibe detected: ['Smooth']
    🪝 Hook: Soulful jazz and rhythmic exploration with Central West Saturday Sport with Geoff Mann - ABC listen.
    Analyzing episode: Saturday Sport...
      🔹 Episode Vibe: Standard
    Analyzing episode: Saturday Sport...
      🔹 Episode Vibe: ['Energetic, sporty, enthusiastic, and engaging.']
  🤖 Analyzing: Western Qld Breakfast with Danny Kennedy...
    ✨ Vibe detected: ['Informational']
    🪝 Hook: The latest news, weather and local information for Western Queensland with Danny Kennedy.
    Analyzing episode: Breakfast...
      🔹 Episode Vibe: Standard
    Analyzing episode: Breakfast...
      🔹 Episode Vibe: Standard
  🤖 Analyzing: Western Qld Saturday Breakfast with Heat...
    ✨ Vibe detected: Standard
    🪝 Hook: None
    Analyzing episode: Saturday Breakfast...
      🔹 Episode Vibe: Standard
    Analyzing episode: Saturday Breakfast...
      🔹 Episode Vibe: Standard
  🤖 Analyzing: What The Duck?! with Ann Jones - ABC lis...
    ✨ Vibe detected: Standard
    🪝 Hook: None
    Analyzing episode: Natures Most Wanted: Trunk and...
      🔹 Episode Vibe: Standard
    Analyzing episode: Nature's Most Wanted: Fowl pla...
      🔹 Episode Vibe: Standard
  🤖 Analyzing: What's On with Alice Keath - ABC listen...
    ✨ Vibe detected: ['Sophisticated']
    🪝 Hook: Live performances and classical masterpieces from What's On with Alice Keath - ABC listen.
    Analyzing episode: New music by Joe Chindamo in A...
    ❌ Critical failure while processing What's On with Alice Keath - ABC listen: name 'Location' is not defined
  🤖 Analyzing: What's That Rash? with Norman Swan and T...
    ✨ Vibe detected: Standard
    🪝 Hook: None
    Analyzing episode: Red and other light therapy — ...
      🔹 Episode Vibe: Standard
    Analyzing episode: Why are some people right (or ...
      🔹 Episode Vibe: Standard
  🤖 Analyzing: Midwest and Wheatbelt Breakfast with Dan...
    ✨ Vibe detected: Standard
    🪝 Hook: None
    Analyzing episode: Breakfast...
      🔹 Episode Vibe: Standard
    Analyzing episode: Breakfast...
      🔹 Episode Vibe: Standard
  🤖 Analyzing: Midwest and Wheatbelt Mornings with Glen...
    ✨ Vibe detected: Standard
    🪝 Hook: None
    Analyzing episode: Mornings...
      🔹 Episode Vibe: Standard
    Analyzing episode: Mornings...
      🔹 Episode Vibe: Standard
  🤖 Analyzing: Midwest and Wheatbelt Saturday Breakfast...
    ✨ Vibe detected: ['Informational']
    🪝 Hook: News, weather and sport from around the region.
    Analyzing episode: Saturday Breakfast...
      🔹 Episode Vibe: ['Informational']
    Analyzing episode: Saturday Breakfast...
      🔹 Episode Vibe: ['Informational']
  🤖 Analyzing: Wide Bay Breakfast with David Dowsett - ...
    ✨ Vibe detected: Standard
    🪝 Hook: None
    Analyzing episode: Breakfast...
      🔹 Episode Vibe: Standard
    Analyzing episode: Breakfast...
      🔹 Episode Vibe: Standard
  🤖 Analyzing: Wide Bay Saturday Breakfast with Di Will...
    ✨ Vibe detected: Standard
    🪝 Hook: None
    Analyzing episode: Saturday Breakfast...
      🔹 Episode Vibe: Standard
    Analyzing episode: Saturday Breakfast...
      🔹 Episode Vibe: Standard
  🤖 Analyzing: Wimmera Breakfast with Rebekah Lowe - AB...
    ✨ Vibe detected: Standard
    🪝 Hook: None
    Analyzing episode: Breakfast...
      🔹 Episode Vibe: Standard
    Analyzing episode: Breakfast...
      🔹 Episode Vibe: Standard
  🤖 Analyzing: The World Today - ABC listen...
    ✨ Vibe detected: Standard
    🪝 Hook: None
    Analyzing episode: Oil refinery blaze to impact f...
    ❌ Critical failure while processing The World Today - ABC listen: name 'Location' is not defined
  🤖 Analyzing: Young Performers with Nina Korbe - ABC l...
    ✨ Vibe detected: Standard
    🪝 Hook: None
    Analyzing episode: Young Performers, including Je...
      🔹 Episode Vibe: Standard
    Analyzing episode: Young Performers, including Is...
      🔹 Episode Vibe: Standard
  🤖 Analyzing: You're Dead To Me - ABC listen...
    ✨ Vibe detected: Standard
    🪝 Hook: None
  ✓ ai-enrich complete (439 podcasts)
Successfully collected 439 podcasts.
/Users/craigmccosker/Library/Python/3.9/lib/python/site-packages/pydantic/main.py:528: UserWarning: Pydantic serializer warnings:
  PydanticSerializationUnexpectedValue(Expected `list[str]` - serialized value may not be as expected [field_name='entities', input_value={'main_topic': 'The inter...d part of the prompt)']}, input_type=dict])
  return self.__pydantic_serializer__.to_json(
/Users/craigmccosker/Library/Python/3.9/lib/python/site-packages/pydantic/main.py:528: UserWarning: Pydantic serializer warnings:
  PydanticSerializationUnexpectedValue(Expected `str` - serialized value may not be as expected [field_name='entities', input_value={'entity_name': 'The Bang...c and cultural impact.'}, input_type=dict])
  PydanticSerializationUnexpectedValue(Expected `str` - serialized value may not be as expected [field_name='entities', input_value={'entity_name': 'LA Under...re mainstream success.'}, input_type=dict])
  PydanticSerializationUnexpectedValue(Expected `str` - serialized value may not be as expected [field_name='entities', input_value={'entity_name': 'Pop Jugg...he pop music industry."}, input_type=dict])
  PydanticSerializationUnexpectedValue(Expected `str` - serialized value may not be as expected [field_name='entities', input_value={'entity_name': '40th Ann...ilestone for the band.'}, input_type=dict])
  return self.__pydantic_serializer__.to_json(
/Users/craigmccosker/Library/Python/3.9/lib/python/site-packages/pydantic/main.py:528: UserWarning: Pydantic serializer warnings:
  PydanticSerializationUnexpectedValue(Expected `list[str]` - serialized value may not be as expected [field_name='entities', input_value={'target_audience': 'Rura...nd authoritative tone.'}, input_type=dict])
  return self.__pydantic_serializer__.to_json(
Wrote data to data/podcasts_450_full_intelligence.jsonl
